{"stats":{"minecraft:killed_by":{"minecraft:skeleton":1,"minecraft:zombie":1},"minecraft:dropped":{"minecraft:glass_bottle":1},"minecraft:used":{"minecraft:wheat_seeds":2,"minecraft:beetroot":1,"create:builders_tea":1,"minecraft:melon_slice":8,"minecraft:baked_potato":2,"minecraft:wooden_pickaxe":28,"minecraft:cookie":2,"minecraft:crafting_table":1,"minecraft:carrot":12,"minecraft:beetroot_seeds":3,"bakery:strawberry":1,"environmental:bird_of_paradise":1,"minecraft:yellow_bed":2,"minecraft:cake":1,"farmersdelight:sweet_berry_cookie":10,"minecraft:experience_bottle":2},"minecraft:mined":{"minecraft:wheat":1,"treechop:chopped_log":1,"minecraft:yellow_bed":2,"minecraft:crafting_table":1,"minecraft:grass":1,"minecraft:oak_log":1,"environmental:bird_of_paradise":1,"ecologics:walnut_leaves":1,"minecraft:beetroots":2,"minecraft:cocoa":1,"bakery:strawberry_jungle":1,"supplementaries:directional_cake":1,"minecraft:stone":28,"minecraft:oak_leaves":7},"minecraft:crafted":{"minecraft:oak_planks":24,"minecraft:crafting_table":1,"minecraft:stick":12,"minecraft:wooden_pickaxe":1},"minecraft:custom":{"minecraft:time_since_rest":25608,"enigmaticlegacy:play_time_with_seven_curses":0,"lootr:looted_stat":6,"minecraft:sprint_one_cm":90779,"minecraft:damage_taken":1215,"minecraft:walk_one_cm":174938,"minecraft:drop":1,"minecraft:damage_dealt":54,"enigmaticlegacy:play_time_without_seven_curses":41849,"minecraft:interact_with_crafting_table":1,"minecraft:swim_one_cm":20813,"minecraft:fly_one_cm":85730,"minecraft:open_barrel":10,"minecraft:open_chest":15,"minecraft:crouch_one_cm":1504,"minecraft:play_time":41968,"minecraft:bell_ring":8,"minecraft:deaths":2,"minecraft:sneak_time":754,"minecraft:walk_under_water_one_cm":2388,"minecraft:jump":702,"minecraft:eat_cake_slice":1,"minecraft:walk_on_water_one_cm":5209,"minecraft:time_since_death":25513,"minecraft:total_world_time":41968,"minecraft:climb_one_cm":5366,"minecraft:fall_one_cm":22899},"minecraft:picked_up":{"minecraft:crafting_table":1,"minecraft:cocoa_beans":3,"minecraft:stick":1,"bakery:strawberry":1,"minecraft:wheat":1,"minecraft:oak_log":6,"minecraft:yellow_bed":2,"minecraft:carrot":1,"environmental:bird_of_paradise":1,"minecraft:beetroot":2,"minecraft:beetroot_seeds":4,"minecraft:wheat_seeds":2,"minecraft:glass_bottle":1,"minecraft:oak_sapling":1,"supplementaries:rope":1,"minecraft:cobblestone":28}},"DataVersion":3120}