{"stats":{"minecraft:killed_by":{"minecraft:skeleton":1,"minecraft:zombie":1},"minecraft:used":{"minecraft:melon_slice":2,"minecraft:baked_potato":2,"bakery:strawberry":1,"environmental:bird_of_paradise":1},"minecraft:mined":{"environmental:bird_of_paradise":1,"minecraft:cocoa":1,"bakery:strawberry_jungle":1,"minecraft:oak_leaves":7},"minecraft:custom":{"minecraft:open_barrel":10,"minecraft:open_chest":5,"minecraft:time_since_rest":7608,"enigmaticlegacy:play_time_with_seven_curses":0,"minecraft:crouch_one_cm":1139,"lootr:looted_stat":5,"minecraft:play_time":23968,"minecraft:sprint_one_cm":59199,"minecraft:walk_one_cm":101732,"minecraft:damage_taken":705,"minecraft:deaths":2,"minecraft:sneak_time":258,"minecraft:walk_under_water_one_cm":2388,"minecraft:jump":514,"minecraft:damage_dealt":4,"minecraft:time_since_death":7513,"minecraft:walk_on_water_one_cm":3206,"minecraft:climb_one_cm":3523,"enigmaticlegacy:play_time_without_seven_curses":23849,"minecraft:total_world_time":23968,"minecraft:swim_one_cm":20813,"minecraft:fall_one_cm":13486,"minecraft:fly_one_cm":44648},"minecraft:picked_up":{"bakery:strawberry":1,"minecraft:cocoa_beans":3,"supplementaries:rope":1,"environmental:bird_of_paradise":1}},"DataVersion":3120}