{"stats":{"minecraft:killed_by":{"minecraft:skeleton":1},"minecraft:used":{"environmental:bird_of_paradise":1},"minecraft:mined":{"environmental:bird_of_paradise":1,"minecraft:cocoa":1,"minecraft:oak_leaves":7},"minecraft:custom":{"minecraft:time_since_rest":4855,"enigmaticlegacy:play_time_with_seven_curses":0,"minecraft:crouch_one_cm":1066,"minecraft:play_time":11968,"minecraft:sprint_one_cm":15422,"minecraft:walk_one_cm":41226,"minecraft:damage_taken":380,"minecraft:deaths":1,"minecraft:sneak_time":252,"minecraft:walk_under_water_one_cm":1995,"minecraft:jump":202,"minecraft:damage_dealt":4,"minecraft:time_since_death":4831,"minecraft:walk_on_water_one_cm":2529,"enigmaticlegacy:play_time_without_seven_curses":11944,"minecraft:total_world_time":11968,"minecraft:swim_one_cm":18537,"minecraft:fall_one_cm":5450,"minecraft:fly_one_cm":9182},"minecraft:picked_up":{"minecraft:cocoa_beans":3,"environmental:bird_of_paradise":1}},"DataVersion":3120}