{"stats":{"minecraft:killed":{"naturalist:firefly":1,"minecraft:sheep":2},"minecraft:killed_by":{"minecraft:skeleton":1,"minecraft:zombie":1,"minecraft:vex":1},"minecraft:dropped":{"quark:yellow_blossom_sapling":3,"minecraft:glass_bottle":1,"minecraft:oak_sapling":1,"minecraft:red_dye":1,"minecraft:wooden_pickaxe":1},"minecraft:used":{"minecraft:beetroot":1,"minecraft:wheat_seeds":2,"minecraft:stone_sword":12,"minecraft:baked_potato":2,"minecraft:wooden_pickaxe":28,"minecraft:cookie":2,"minecraft:crafting_table":2,"minecraft:carrot":13,"bakery:strawberry":3,"minecraft:cake":1,"farmersdelight:sweet_berry_cookie":10,"minecraft:apple":3,"create:builders_tea":1,"minecraft:melon_slice":8,"minecraft:stone_axe":65,"minecraft:oak_sapling":2,"ecologics:walnut":5,"minecraft:beetroot_seeds":3,"environmental:bird_of_paradise":1,"minecraft:yellow_bed":4,"minecraft:experience_bottle":2},"minecraft:mined":{"minecraft:crafting_table":2,"environmental:bird_of_paradise":1,"ecologics:walnut_leaves":1,"quark:blossom_log":1,"minecraft:tall_grass":1,"minecraft:carrots":2,"minecraft:wheat":3,"treechop:chopped_log":8,"minecraft:yellow_bed":4,"minecraft:grass":7,"bakery:strawberry_taiga":2,"minecraft:potatoes":1,"minecraft:oak_log":4,"minecraft:beetroots":2,"minecraft:cocoa":1,"bakery:strawberry_jungle":1,"supplementaries:directional_cake":1,"minecraft:stone":28,"minecraft:oak_leaves":11},"minecraft:crafted":{"minecraft:red_dye":1,"minecraft:oak_planks":24,"quark:blossom_planks":172,"minecraft:crafting_table":1,"minecraft:wooden_pickaxe":1,"ecologics:walnut_planks":32,"minecraft:stone_axe":1,"minecraft:stick":12,"minecraft:stone_pickaxe":1,"minecraft:stone_sword":1},"minecraft:custom":{"enigmaticlegacy:play_time_with_seven_curses":0,"lootr:looted_stat":8,"minecraft:mob_kills":3,"enigmaticlegacy:play_time_without_seven_curses":65740,"minecraft:interact_with_crafting_table":3,"minecraft:open_barrel":10,"minecraft:bell_ring":8,"minecraft:eat_cake_slice":1,"minecraft:time_since_death":2901,"minecraft:sleep_in_bed":4,"minecraft:climb_one_cm":7196,"minecraft:time_since_rest":3010,"minecraft:sprint_one_cm":140451,"minecraft:damage_taken":1520,"minecraft:walk_one_cm":279289,"minecraft:drop":5,"minecraft:damage_dealt":466,"minecraft:swim_one_cm":20813,"minecraft:fly_one_cm":134155,"minecraft:open_chest":16,"minecraft:crouch_one_cm":2075,"minecraft:play_time":65968,"minecraft:deaths":3,"minecraft:sneak_time":1024,"minecraft:walk_under_water_one_cm":2388,"minecraft:jump":996,"minecraft:walk_on_water_one_cm":5250,"minecraft:total_world_time":65968,"minecraft:fall_one_cm":28033},"minecraft:picked_up":{"ecologics:walnut":17,"minecraft:cocoa_beans":3,"minecraft:crafting_table":2,"minecraft:wheat":1,"minecraft:oak_log":21,"minecraft:yellow_bed":4,"naturalist:glow_goop":1,"minecraft:bone":2,"minecraft:apple":3,"ecologics:walnut_sapling":8,"minecraft:beetroot":2,"minecraft:wheat_seeds":5,"delightful:acorn":4,"minecraft:glass_bottle":1,"quark:yellow_blossom_sapling":3,"supplementaries:rope":1,"minecraft:stick":15,"bakery:strawberry":3,"ecologics:walnut_log":8,"quark:blossom_log":43,"minecraft:carrot":6,"environmental:bird_of_paradise":1,"minecraft:arrow":3,"minecraft:beetroot_seeds":4,"minecraft:bread":29,"minecraft:oak_sapling":5,"minecraft:mutton":4,"minecraft:white_wool":2,"minecraft:cobblestone":28}},"DataVersion":3120}