{"stats":{"minecraft:killed_by":{"minecraft:skeleton":1,"minecraft:zombie":1},"minecraft:dropped":{"minecraft:glass_bottle":1},"minecraft:used":{"create:builders_tea":1,"minecraft:melon_slice":8,"minecraft:baked_potato":2,"minecraft:beetroot_seeds":1,"bakery:strawberry":1,"environmental:bird_of_paradise":1,"minecraft:cake":1,"farmersdelight:sweet_berry_cookie":7,"minecraft:experience_bottle":2},"minecraft:mined":{"minecraft:grass":1,"environmental:bird_of_paradise":1,"minecraft:beetroots":1,"minecraft:cocoa":1,"bakery:strawberry_jungle":1,"supplementaries:directional_cake":1,"minecraft:oak_leaves":7},"minecraft:custom":{"minecraft:time_since_rest":13608,"enigmaticlegacy:play_time_with_seven_curses":0,"lootr:looted_stat":5,"minecraft:sprint_one_cm":76078,"minecraft:damage_taken":1015,"minecraft:walk_one_cm":132605,"minecraft:drop":1,"minecraft:damage_dealt":54,"enigmaticlegacy:play_time_without_seven_curses":29849,"minecraft:swim_one_cm":20813,"minecraft:fly_one_cm":67592,"minecraft:open_barrel":10,"minecraft:open_chest":13,"minecraft:crouch_one_cm":1266,"minecraft:play_time":29968,"minecraft:deaths":2,"minecraft:sneak_time":410,"minecraft:walk_under_water_one_cm":2388,"minecraft:jump":603,"minecraft:eat_cake_slice":1,"minecraft:walk_on_water_one_cm":4718,"minecraft:time_since_death":13513,"minecraft:total_world_time":29968,"minecraft:climb_one_cm":5366,"minecraft:fall_one_cm":18536},"minecraft:picked_up":{"minecraft:cocoa_beans":3,"bakery:strawberry":1,"minecraft:carrot":1,"environmental:bird_of_paradise":1,"minecraft:beetroot":1,"minecraft:beetroot_seeds":2,"minecraft:glass_bottle":1,"supplementaries:rope":1}},"DataVersion":3120}