{"stats":{"minecraft:killed":{"minecraft:vex":1,"naturalist:firefly":1,"minecraft:spider":1,"majruszsdifficulty:cursed_armor":1,"minecraft:sheep":2},"minecraft:killed_by":{"minecraft:skeleton":1,"minecraft:zombie":1,"minecraft:vex":1},"minecraft:dropped":{"quark:yellow_blossom_sapling":3,"minecraft:glass_bottle":1,"minecraft:oak_sapling":1,"minecraft:red_dye":1,"minecraft:wooden_pickaxe":1},"minecraft:used":{"minecraft:cooked_mutton":2,"minecraft:beetroot":1,"minecraft:wheat_seeds":5,"minecraft:water_bucket":1,"minecraft:stone_sword":30,"minecraft:stone_pickaxe":17,"minecraft:baked_potato":2,"minecraft:bone_block":1,"minecraft:wooden_pickaxe":28,"minecraft:cookie":2,"minecraft:torch":5,"minecraft:crafting_table":3,"minecraft:carrot":13,"bakery:strawberry":3,"minecraft:axolotl_bucket":2,"minecraft:cake":1,"farmersdelight:sweet_berry_cookie":10,"minecraft:apple":15,"create:builders_tea":1,"minecraft:iron_axe":1,"minecraft:melon_slice":8,"minecraft:stone_axe":65,"minecraft:oak_sapling":2,"ecologics:walnut":15,"minecraft:beetroot_seeds":3,"minecraft:bucket":3,"environmental:bird_of_paradise":1,"minecraft:yellow_bed":4,"minecraft:experience_bottle":2},"minecraft:mined":{"supplementaries:statue":3,"graveyard:laterally_lying_skeleton":1,"minecraft:crafting_table":2,"environmental:bird_of_paradise":1,"ecologics:walnut_leaves":1,"minecraft:redstone_wire":1,"minecraft:campfire":1,"quark:blossom_log":1,"minecraft:copper_ore":8,"graveyard:skull_on_pike":1,"minecraft:tall_grass":1,"graveyard:skeleton_hand":1,"graveyard:lower_bone_staff":1,"minecraft:carrots":2,"minecraft:wheat":3,"create:ornate_iron_window_pane":6,"treechop:chopped_log":8,"graveyard:skull_pile":2,"minecraft:yellow_bed":4,"minecraft:shroomlight":4,"minecraft:grass":8,"minecraft:coal_ore":9,"bakery:strawberry_taiga":2,"minecraft:potatoes":1,"minecraft:oak_log":4,"minecraft:beetroots":2,"minecraft:cocoa":1,"bakery:strawberry_jungle":1,"graveyard:leaning_skeleton":1,"supplementaries:directional_cake":1,"minecraft:stone":28,"minecraft:oak_leaves":15},"minecraft:crafted":{"minecraft:red_dye":1,"minecraft:oak_planks":84,"quark:blossom_planks":212,"minecraft:crafting_table":1,"minecraft:wooden_pickaxe":1,"ecologics:walnut_planks":32,"minecraft:iron_sword":1,"minecraft:stone_axe":1,"minecraft:stick":12,"minecraft:stone_pickaxe":1,"minecraft:stone_sword":1,"minecraft:torch":44},"minecraft:custom":{"enigmaticlegacy:play_time_with_seven_curses":0,"lootr:looted_stat":16,"minecraft:mob_kills":6,"enigmaticlegacy:play_time_without_seven_curses":95852,"minecraft:interact_with_cartography_table":1,"minecraft:interact_with_crafting_table":4,"minecraft:open_barrel":15,"minecraft:interact_with_campfire":4,"minecraft:bell_ring":8,"minecraft:eat_cake_slice":1,"minecraft:leave_game":1,"minecraft:time_since_death":33013,"minecraft:sleep_in_bed":4,"minecraft:climb_one_cm":7196,"minecraft:time_since_rest":33122,"minecraft:sprint_one_cm":181125,"minecraft:damage_taken":2051,"minecraft:walk_one_cm":460305,"minecraft:drop":5,"minecraft:damage_dealt":871,"minecraft:swim_one_cm":20813,"minecraft:fly_one_cm":156496,"minecraft:open_chest":19,"minecraft:crouch_one_cm":6918,"minecraft:play_time":96080,"minecraft:deaths":3,"minecraft:sneak_time":2429,"minecraft:walk_under_water_one_cm":2432,"minecraft:jump":1238,"minecraft:walk_on_water_one_cm":7224,"minecraft:total_world_time":96080,"minecraft:fall_one_cm":36678},"minecraft:picked_up":{"ecologics:walnut":17,"minecraft:cocoa_beans":3,"minecraft:crafting_table":2,"minecraft:wheat":1,"minecraft:oak_log":21,"minecraft:yellow_bed":4,"minecraft:string":1,"minecraft:raw_copper":27,"naturalist:glow_goop":1,"minecraft:cooked_mutton":4,"supplementaries:statue":3,"minecraft:shroomlight":4,"minecraft:bone":23,"minecraft:apple":3,"ecologics:walnut_sapling":8,"minecraft:beetroot":2,"minecraft:wheat_seeds":6,"delightful:acorn":4,"minecraft:beef":3,"minecraft:glass_bottle":1,"quark:yellow_blossom_sapling":3,"supplementaries:rope":1,"minecraft:stick":16,"bakery:strawberry":3,"ecologics:walnut_log":8,"quark:blossom_log":53,"minecraft:carrot":6,"environmental:bird_of_paradise":1,"minecraft:golden_chestplate":1,"minecraft:arrow":3,"minecraft:beetroot_seeds":4,"minecraft:bread":29,"minecraft:oak_sapling":5,"minecraft:mutton":4,"minecraft:coal":9,"minecraft:white_wool":2,"minecraft:cobblestone":28}},"DataVersion":3120}