{"stats":{"minecraft:mined":{"minecraft:grass_block":2,"minecraft:dirt":3,"treechop:chopped_log":1},"minecraft:custom":{"minecraft:time_since_rest":1537,"enigmaticlegacy:play_time_with_seven_curses":0,"minecraft:crouch_one_cm":155,"minecraft:play_time":43264,"minecraft:sprint_one_cm":20503,"minecraft:deaths":1,"minecraft:damage_taken":275,"minecraft:walk_one_cm":37817,"minecraft:sneak_time":29,"minecraft:drop":2,"minecraft:jump":162,"minecraft:damage_dealt":50,"minecraft:time_since_death":1483,"enigmaticlegacy:play_time_without_seven_curses":43210,"minecraft:total_world_time":43264,"minecraft:fall_one_cm":4787,"minecraft:fly_one_cm":13517},"minecraft:killed_by":{"minecraft:skeleton":1},"minecraft:used":{"minecraft:oak_sapling":1},"minecraft:dropped":{"patchouli:guide_book":1,"minecraft:oak_sapling":1},"minecraft:picked_up":{"minecraft:crafting_table":1,"minecraft:apple":1,"patchouli:guide_book":1,"minecraft:oak_log":5,"minecraft:oak_sapling":3,"minecraft:oak_planks":25,"minecraft:dirt":4,"minecraft:cobblestone":12}},"DataVersion":3120}