{"stats":{"minecraft:killed":{"minecraft:spider":2},"minecraft:killed_by":{"minecraft:skeleton":1,"minecraft:creeper":1,"minecraft:spider":1},"minecraft:dropped":{"minecraft:oak_sapling":1,"patchouli:guide_book":1},"minecraft:used":{"minecraft:apple":4,"minecraft:stone_sword":12,"minecraft:oak_planks":2,"minecraft:cobblestone":35,"minecraft:crafting_table":2,"minecraft:oak_sapling":1,"minecraft:carrot":9,"farmersdelight:fruit_salad":2,"minecraft:golden_pickaxe":44,"delightful:acorn":1},"minecraft:broken":{"minecraft:golden_pickaxe":1},"minecraft:crafted":{"minecraft:crafting_table":1,"minecraft:golden_pickaxe":2},"minecraft:mined":{"minecraft:carrots":5,"minecraft:deepslate_diamond_ore":1,"minecraft:iron_ore":16,"treechop:chopped_log":2,"minecraft:glow_lichen":1,"delightful:pumpkin_pie":2,"minecraft:potatoes":1,"minecraft:coal_ore":13,"minecraft:grass_block":2,"minecraft:dirt":3,"minecraft:cobblestone":5,"minecraft:stone":2,"minecraft:deepslate":7},"minecraft:custom":{"minecraft:time_since_rest":1986,"enigmaticlegacy:play_time_with_seven_curses":0,"lootr:looted_stat":1,"minecraft:sprint_one_cm":146714,"minecraft:damage_taken":1290,"minecraft:walk_one_cm":222318,"minecraft:mob_kills":2,"minecraft:drop":2,"minecraft:damage_dealt":456,"enigmaticlegacy:play_time_without_seven_curses":107500,"minecraft:interact_with_crafting_table":2,"minecraft:swim_one_cm":9891,"minecraft:fly_one_cm":94827,"minecraft:open_chest":4,"minecraft:crouch_one_cm":2635,"minecraft:play_time":107654,"minecraft:sneak_time":599,"minecraft:deaths":3,"minecraft:bell_ring":3,"minecraft:walk_under_water_one_cm":908,"minecraft:jump":910,"minecraft:leave_game":2,"minecraft:walk_on_water_one_cm":2762,"minecraft:time_since_death":1928,"minecraft:total_world_time":107654,"minecraft:fall_one_cm":20613},"minecraft:picked_up":{"minecraft:raw_iron":32,"minecraft:stick":4,"minecraft:crafting_table":1,"patchouli:guide_book":1,"minecraft:potato":4,"minecraft:oak_log":30,"minecraft:carrot":16,"minecraft:string":6,"minecraft:dirt":4,"minecraft:bone":1,"minecraft:apple":4,"minecraft:diamond":3,"minecraft:pumpkin_pie":3,"minecraft:wheat_seeds":1,"minecraft:cobbled_deepslate":7,"delightful:acorn":1,"farmersdelight:fruit_salad":2,"minecraft:iron_ingot":4,"minecraft:poppy":1,"minecraft:oak_sapling":19,"minecraft:coal":26,"minecraft:oak_planks":25,"minecraft:cobblestone":21}},"DataVersion":3120}