{"stats":{"minecraft:mined":{"create:black_valve_handle":1,"minecraft:white_bed":1,"minecraft:deepslate_diamond_ore":1,"supplementaries:present_orange":1,"minecraft:mangrove_roots":1,"minecraft:spruce_trapdoor":1,"minecraft:glow_lichen":1,"delightful:pumpkin_pie":2,"supplementaries:ash_bricks":9,"minecraft:grass_block":2,"create:depot":1,"minecraft:cobblestone":8,"minecraft:dead_tube_coral_fan":2,"supplementaries:trapped_present":1,"graveyard:lower_bone_staff":2,"minecraft:carrots":5,"minecraft:mud":2,"minecraft:iron_ore":16,"create:display_board":1,"minecraft:black_concrete":4,"treechop:chopped_log":3,"minecraft:yellow_bed":1,"create:ornate_iron_window_pane":2,"minecraft:grass":2,"minecraft:dead_brain_coral_block":5,"quark:dripstone_bricks":1,"minecraft:potatoes":1,"minecraft:coal_ore":18,"minecraft:dirt":3,"minecraft:cobweb":4,"minecraft:stone":4,"minecraft:oak_leaves":14,"minecraft:deepslate":7},"minecraft:custom":{"enigmaticlegacy:play_time_with_seven_curses":0,"minecraft:interact_with_furnace":4,"lootr:looted_stat":28,"minecraft:mob_kills":19,"enigmaticlegacy:play_time_without_seven_curses":187463,"minecraft:interact_with_crafting_table":5,"minecraft:open_barrel":28,"minecraft:bell_ring":3,"minecraft:leave_game":4,"minecraft:time_since_death":52922,"minecraft:sleep_in_bed":3,"minecraft:climb_one_cm":3102,"minecraft:time_since_rest":52960,"minecraft:damage_taken":3516,"minecraft:sprint_one_cm":329526,"minecraft:walk_one_cm":575241,"minecraft:drop":4,"minecraft:damage_dealt":3651,"minecraft:swim_one_cm":12632,"minecraft:talked_to_villager":2,"minecraft:fly_one_cm":246563,"minecraft:player_kills":1,"minecraft:open_chest":14,"minecraft:crouch_one_cm":4829,"minecraft:play_time":188023,"minecraft:deaths":7,"minecraft:sneak_time":1085,"minecraft:walk_under_water_one_cm":2021,"minecraft:jump":1925,"minecraft:walk_on_water_one_cm":6930,"minecraft:total_world_time":188023,"minecraft:fall_one_cm":46008,"minecraft:horse_one_cm":1813},"minecraft:killed_by":{"minecraft:player":3,"minecraft:skeleton":1,"minecraft:creeper":1,"minecraft:spider":2},"minecraft:crafted":{"minecraft:oak_planks":148,"minecraft:crafting_table":2,"minecraft:golden_pickaxe":2,"minecraft:mangrove_planks":4,"woodworks:oak_chest":2,"minecraft:iron_chestplate":1},"minecraft:used":{"minecraft:golden_boots":1,"minecraft:stone_sword":72,"minecraft:mangrove_planks":3,"minecraft:oak_planks":2,"woodworks:oak_chest":2,"minecraft:cookie":4,"graveyard:lower_bone_staff":2,"minecraft:crafting_table":3,"minecraft:carrot":73,"born_in_chaos_v1:smoked_flesh":4,"minecraft:apple":4,"minecraft:bread":4,"supplementaries:rope":4,"minecraft:stone_axe":15,"minecraft:golden_sword":28,"minecraft:cobblestone":46,"minecraft:oak_sapling":1,"farmersdelight:fruit_salad":2,"minecraft:golden_pickaxe":84,"delightful:acorn":1},"minecraft:killed":{"born_in_chaos_v1:restless_spirit":1,"minecraft:spider":10,"majruszsdifficulty:cursed_armor":1,"born_in_chaos_v1:decrepit_skeleton":2,"naturalist:snail":1,"minecraft:zombie":1,"quark:wraith":1,"minecraft:cow":1},"minecraft:dropped":{"minecraft:golden_helmet":1,"minecraft:oak_planks":1,"patchouli:guide_book":1,"minecraft:oak_sapling":1},"minecraft:broken":{"minecraft:golden_pickaxe":2},"minecraft:picked_up":{"minecraft:mud":2,"minecraft:crafting_table":1,"minecraft:repeater":1,"minecraft:golden_leggings":1,"minecraft:potato":4,"supplementaries:ash_bricks":3,"minecraft:oak_log":36,"minecraft:golden_boots":1,"minecraft:golden_sword":1,"minecraft:dirt":4,"minecraft:string":19,"naturalist:glow_goop":1,"minecraft:bone":5,"minecraft:apple":4,"supplementaries:present_orange":1,"ftbquests:book":1,"minecraft:wheat_seeds":2,"minecraft:cobbled_deepslate":7,"delightful:acorn":2,"minecraft:iron_ingot":4,"farmersdelight:fruit_salad":2,"minecraft:beef":1,"minecraft:red_dye":1,"minecraft:written_book":3,"quark:soul_bead":3,"minecraft:poppy":1,"minecraft:oak_planks":27,"minecraft:spruce_trapdoor":1,"minecraft:egg":1,"minecraft:golden_helmet":1,"minecraft:stick":5,"minecraft:raw_iron":32,"atmospheric:golden_dragon_fruit":1,"patchouli:guide_book":1,"born_in_chaos_v1:ethereal_spirit":1,"quark:glass_item_frame":2,"minecraft:fire_charge":3,"supplementaries:trapped_present":1,"minecraft:carrot":20,"minecraft:spider_eye":1,"minecraft:stone_sword":1,"minecraft:rotten_flesh":6,"minecraft:diamond":3,"minecraft:pumpkin_pie":3,"graveyard:lower_bone_staff":3,"minecraft:golden_horse_armor":1,"minecraft:oak_sapling":28,"minecraft:coal":33,"minecraft:cobblestone":28}},"DataVersion":3120}