{"stats":{"minecraft:killed":{"born_in_chaos_v1:restless_spirit":1,"minecraft:spider":10,"majruszsdifficulty:cursed_armor":1,"born_in_chaos_v1:decrepit_skeleton":2,"naturalist:snail":1,"minecraft:zombie":1,"minecraft:cow":1},"minecraft:killed_by":{"minecraft:player":3,"minecraft:skeleton":1,"minecraft:creeper":1,"minecraft:spider":2},"minecraft:dropped":{"minecraft:golden_helmet":1,"minecraft:oak_planks":1,"patchouli:guide_book":1,"minecraft:oak_sapling":1},"minecraft:used":{"minecraft:golden_boots":1,"minecraft:stone_sword":72,"minecraft:oak_planks":2,"woodworks:oak_chest":2,"minecraft:cookie":4,"minecraft:crafting_table":3,"minecraft:carrot":45,"born_in_chaos_v1:smoked_flesh":4,"minecraft:apple":4,"minecraft:bread":4,"minecraft:stone_axe":11,"minecraft:golden_sword":19,"minecraft:cobblestone":46,"minecraft:oak_sapling":1,"farmersdelight:fruit_salad":2,"minecraft:golden_pickaxe":52,"delightful:acorn":1},"minecraft:broken":{"minecraft:golden_pickaxe":1},"minecraft:mined":{"minecraft:white_bed":1,"minecraft:deepslate_diamond_ore":1,"minecraft:glow_lichen":1,"delightful:pumpkin_pie":2,"minecraft:grass_block":2,"minecraft:cobblestone":5,"graveyard:lower_bone_staff":1,"minecraft:carrots":5,"minecraft:iron_ore":16,"treechop:chopped_log":3,"minecraft:yellow_bed":1,"minecraft:grass":2,"minecraft:potatoes":1,"minecraft:coal_ore":18,"minecraft:dirt":3,"minecraft:stone":4,"minecraft:oak_leaves":11,"minecraft:deepslate":7},"minecraft:crafted":{"minecraft:oak_planks":148,"minecraft:crafting_table":2,"minecraft:golden_pickaxe":2,"woodworks:oak_chest":2,"minecraft:iron_chestplate":1},"minecraft:custom":{"enigmaticlegacy:play_time_with_seven_curses":0,"lootr:looted_stat":13,"minecraft:interact_with_furnace":4,"minecraft:mob_kills":18,"enigmaticlegacy:play_time_without_seven_curses":155094,"minecraft:interact_with_crafting_table":5,"minecraft:open_barrel":19,"minecraft:bell_ring":3,"minecraft:leave_game":2,"minecraft:time_since_death":20553,"minecraft:sleep_in_bed":3,"minecraft:climb_one_cm":2094,"minecraft:time_since_rest":20591,"minecraft:sprint_one_cm":305982,"minecraft:damage_taken":3179,"minecraft:walk_one_cm":450964,"minecraft:drop":4,"minecraft:damage_dealt":3443,"minecraft:talked_to_villager":2,"minecraft:swim_one_cm":12632,"minecraft:fly_one_cm":235366,"minecraft:player_kills":1,"minecraft:open_chest":11,"minecraft:crouch_one_cm":4322,"minecraft:play_time":155654,"minecraft:deaths":7,"minecraft:sneak_time":891,"minecraft:walk_under_water_one_cm":2021,"minecraft:jump":1690,"minecraft:walk_on_water_one_cm":6930,"minecraft:total_world_time":155654,"minecraft:fall_one_cm":40434,"minecraft:horse_one_cm":1813},"minecraft:picked_up":{"minecraft:crafting_table":1,"minecraft:golden_leggings":1,"minecraft:potato":4,"minecraft:oak_log":36,"minecraft:golden_boots":1,"minecraft:golden_sword":1,"minecraft:dirt":4,"minecraft:string":19,"minecraft:bone":1,"minecraft:apple":4,"minecraft:wheat_seeds":2,"minecraft:cobbled_deepslate":7,"delightful:acorn":2,"minecraft:iron_ingot":4,"farmersdelight:fruit_salad":2,"minecraft:beef":1,"minecraft:poppy":1,"minecraft:oak_planks":26,"minecraft:egg":1,"minecraft:golden_helmet":1,"minecraft:stick":5,"minecraft:raw_iron":32,"atmospheric:golden_dragon_fruit":1,"patchouli:guide_book":1,"born_in_chaos_v1:ethereal_spirit":1,"minecraft:fire_charge":1,"minecraft:carrot":19,"minecraft:spider_eye":1,"minecraft:rotten_flesh":4,"minecraft:diamond":3,"minecraft:pumpkin_pie":3,"graveyard:lower_bone_staff":1,"minecraft:oak_sapling":19,"minecraft:coal":33,"minecraft:cobblestone":28}},"DataVersion":3120}