{"stats":{"minecraft:mined":{"minecraft:grass_block":2,"minecraft:dirt":3},"minecraft:custom":{"minecraft:time_since_rest":7264,"enigmaticlegacy:play_time_with_seven_curses":0,"minecraft:crouch_one_cm":155,"minecraft:play_time":7264,"minecraft:sprint_one_cm":13224,"minecraft:damage_taken":40,"minecraft:walk_one_cm":27513,"minecraft:sneak_time":29,"minecraft:drop":1,"minecraft:jump":96,"minecraft:damage_dealt":10,"minecraft:time_since_death":7264,"enigmaticlegacy:play_time_without_seven_curses":7264,"minecraft:total_world_time":7264,"minecraft:fall_one_cm":2800,"minecraft:fly_one_cm":7019},"minecraft:used":{"minecraft:oak_sapling":1},"minecraft:dropped":{"minecraft:oak_sapling":1},"minecraft:picked_up":{"minecraft:crafting_table":1,"minecraft:oak_sapling":2,"minecraft:oak_planks":25,"minecraft:dirt":4,"minecraft:cobblestone":12}},"DataVersion":3120}