{"stats":{"minecraft:killed":{"naturalist:snail":1,"born_in_chaos_v1:restless_spirit":1,"minecraft:spider":3,"minecraft:cow":1},"minecraft:killed_by":{"minecraft:player":1,"minecraft:skeleton":1,"minecraft:creeper":1,"minecraft:spider":1},"minecraft:dropped":{"minecraft:oak_sapling":1,"patchouli:guide_book":1},"minecraft:used":{"minecraft:apple":4,"minecraft:stone_sword":26,"minecraft:oak_planks":2,"minecraft:cookie":4,"minecraft:cobblestone":35,"minecraft:crafting_table":2,"minecraft:oak_sapling":1,"minecraft:carrot":13,"farmersdelight:fruit_salad":2,"minecraft:golden_pickaxe":51,"delightful:acorn":1},"minecraft:broken":{"minecraft:golden_pickaxe":1},"minecraft:crafted":{"minecraft:crafting_table":1,"minecraft:golden_pickaxe":2},"minecraft:mined":{"minecraft:carrots":5,"minecraft:deepslate_diamond_ore":1,"minecraft:iron_ore":16,"treechop:chopped_log":2,"minecraft:glow_lichen":1,"delightful:pumpkin_pie":2,"minecraft:potatoes":1,"minecraft:coal_ore":18,"minecraft:grass_block":2,"minecraft:dirt":3,"minecraft:cobblestone":5,"minecraft:stone":4,"minecraft:oak_leaves":2,"minecraft:deepslate":7},"minecraft:custom":{"minecraft:time_since_rest":6009,"enigmaticlegacy:play_time_with_seven_curses":0,"minecraft:interact_with_furnace":4,"lootr:looted_stat":5,"minecraft:sprint_one_cm":192069,"minecraft:damage_taken":1540,"minecraft:walk_one_cm":275748,"minecraft:mob_kills":6,"minecraft:drop":2,"minecraft:damage_dealt":1014,"enigmaticlegacy:play_time_without_seven_curses":119386,"minecraft:interact_with_crafting_table":2,"minecraft:swim_one_cm":12632,"minecraft:fly_one_cm":139186,"minecraft:open_barrel":6,"minecraft:open_chest":7,"minecraft:crouch_one_cm":2635,"minecraft:play_time":119654,"minecraft:sneak_time":615,"minecraft:deaths":4,"minecraft:bell_ring":3,"minecraft:walk_under_water_one_cm":1139,"minecraft:jump":1194,"minecraft:leave_game":2,"minecraft:walk_on_water_one_cm":3296,"minecraft:time_since_death":5895,"minecraft:climb_one_cm":2094,"minecraft:total_world_time":119654,"minecraft:fall_one_cm":27240},"minecraft:picked_up":{"minecraft:raw_iron":32,"minecraft:stick":4,"minecraft:crafting_table":1,"patchouli:guide_book":1,"born_in_chaos_v1:ethereal_spirit":1,"minecraft:potato":4,"minecraft:oak_log":30,"minecraft:carrot":16,"minecraft:string":8,"minecraft:dirt":4,"minecraft:bone":1,"minecraft:apple":4,"minecraft:diamond":3,"minecraft:pumpkin_pie":3,"minecraft:wheat_seeds":1,"minecraft:cobbled_deepslate":7,"delightful:acorn":2,"minecraft:beef":1,"farmersdelight:fruit_salad":2,"minecraft:iron_ingot":4,"minecraft:poppy":1,"minecraft:oak_sapling":19,"minecraft:coal":33,"minecraft:oak_planks":25,"minecraft:cobblestone":23,"minecraft:egg":1}},"DataVersion":3120}