{"stats":{"minecraft:mined":{"create:black_valve_handle":1,"minecraft:white_bed":1,"minecraft:deepslate_diamond_ore":1,"minecraft:mangrove_roots":1,"minecraft:glow_lichen":1,"minecraft:spruce_trapdoor":1,"supplementaries:ash_bricks":9,"minecraft:grass_block":12,"create:depot":1,"supplementaries:trapped_present":1,"graveyard:lower_bone_staff":4,"minecraft:carrots":5,"minecraft:iron_ore":16,"minecraft:black_concrete":4,"treechop:chopped_log":5,"minecraft:fletching_table":1,"minecraft:peony":1,"quark:dripstone_bricks":1,"minecraft:potatoes":1,"minecraft:stone":4,"minecraft:tripwire":1,"quark:cobblestone_bricks_stairs":3,"create:cut_deepslate_bricks":3,"supplementaries:statue":1,"supplementaries:present_orange":1,"minecraft:stone_brick_slab":4,"minecraft:oak_fence":1,"quark:cobblestone_bricks":13,"delightful:pumpkin_pie":2,"create:cut_deepslate_brick_slab":10,"minecraft:cobblestone":11,"minecraft:dead_tube_coral_fan":2,"minecraft:oak_planks":2,"minecraft:white_terracotta":1,"minecraft:coarse_dirt":1,"minecraft:gray_concrete_powder":2,"minecraft:mud":2,"create:display_board":1,"create:ornate_iron_window_pane":2,"minecraft:yellow_bed":2,"minecraft:smooth_stone_slab":8,"minecraft:grass":5,"minecraft:dead_brain_coral_block":5,"minecraft:coal_ore":18,"minecraft:dirt":6,"minecraft:cobweb":4,"minecraft:oak_leaves":16,"minecraft:deepslate":7},"minecraft:custom":{"enigmaticlegacy:play_time_with_seven_curses":0,"lootr:looted_stat":31,"minecraft:mob_kills":21,"minecraft:interact_with_crafting_table":9,"minecraft:open_barrel":28,"minecraft:bell_ring":3,"minecraft:leave_game":6,"minecraft:time_since_death":89539,"minecraft:climb_one_cm":3198,"minecraft:sprint_one_cm":401724,"minecraft:walk_one_cm":755486,"minecraft:drop":13,"minecraft:talked_to_villager":6,"minecraft:play_time":224640,"minecraft:deaths":7,"minecraft:sneak_time":1221,"minecraft:walk_under_water_one_cm":2021,"minecraft:jump":2652,"minecraft:walk_on_water_one_cm":6930,"minecraft:total_world_time":224640,"minecraft:interact_with_furnace":4,"enigmaticlegacy:play_time_without_seven_curses":224080,"minecraft:pot_flower":1,"minecraft:sleep_in_bed":5,"minecraft:time_since_rest":775,"minecraft:damage_taken":4043,"minecraft:damage_absorbed":55,"minecraft:damage_dealt":4264,"minecraft:swim_one_cm":12632,"minecraft:fly_one_cm":315113,"minecraft:player_kills":1,"minecraft:open_chest":21,"minecraft:crouch_one_cm":5350,"minecraft:fall_one_cm":59682,"minecraft:horse_one_cm":26453},"minecraft:killed_by":{"minecraft:player":3,"minecraft:creeper":1,"minecraft:spider":2,"minecraft:skeleton":1},"minecraft:used":{"minecraft:stone_sword":72,"woodworks:oak_chest":4,"minecraft:white_terracotta":1,"minecraft:iron_sword":8,"minecraft:dirt":2,"minecraft:carrot":75,"atmospheric:golden_dragon_fruit":2,"born_in_chaos_v1:smoked_flesh":4,"minecraft:golden_sword":30,"minecraft:oak_sapling":1,"ecologics:walnut":5,"minecraft:cooked_beef":1,"minecraft:golden_boots":1,"minecraft:mangrove_planks":3,"minecraft:oak_planks":4,"minecraft:fletching_table":1,"minecraft:cookie":4,"minecraft:golden_apple":2,"graveyard:lower_bone_staff":5,"minecraft:crafting_table":4,"minecraft:apple":4,"minecraft:bread":4,"atmospheric:shimmering_passion_fruit":8,"supplementaries:rope":4,"minecraft:stone_axe":32,"minecraft:cobblestone":46,"minecraft:yellow_bed":1,"farmersdelight:fruit_salad":2,"ecologics:walnut_sign":1,"minecraft:dandelion":1,"minecraft:golden_pickaxe":136,"delightful:acorn":1},"minecraft:crafted":{"minecraft:oak_planks":172,"ecologics:walnut_planks":12,"minecraft:crafting_table":3,"minecraft:golden_pickaxe":2,"minecraft:mangrove_planks":4,"woodworks:oak_chest":4,"minecraft:iron_chestplate":1,"ecologics:walnut_sign":3},"minecraft:killed":{"born_in_chaos_v1:restless_spirit":1,"minecraft:spider":11,"naturalist:snail":1,"minecraft:skeleton":1,"majruszsdifficulty:cursed_armor":1,"born_in_chaos_v1:decrepit_skeleton":2,"minecraft:zombie":1,"quark:wraith":1,"minecraft:cow":1},"minecraft:dropped":{"minecraft:golden_helmet":1,"minecraft:apple":4,"minecraft:dirt":2,"minecraft:string":2,"minecraft:smooth_stone_slab":4,"minecraft:rotten_flesh":1,"minecraft:oak_planks":1,"patchouli:guide_book":1,"minecraft:peony":1,"minecraft:oak_sapling":1,"minecraft:arrow":1,"minecraft:written_book":1},"minecraft:broken":{"minecraft:golden_sword":1,"minecraft:golden_pickaxe":2},"minecraft:picked_up":{"minecraft:mud":2,"minecraft:crafting_table":1,"supplementaries:ash_bricks":3,"minecraft:golden_sword":1,"minecraft:string":21,"minecraft:smooth_stone_slab":4,"minecraft:iron_leggings":1,"ecologics:walnut_sapling":5,"minecraft:cobbled_deepslate":7,"delightful:acorn":2,"minecraft:beef":1,"minecraft:red_dye":1,"minecraft:written_book":4,"minecraft:poppy":1,"minecraft:spruce_trapdoor":1,"minecraft:egg":1,"minecraft:golden_helmet":1,"minecraft:raw_iron":32,"minecraft:stick":10,"ecologics:walnut_log":3,"minecraft:oak_fence":1,"minecraft:fire_charge":3,"supplementaries:trapped_present":1,"minecraft:carrot":20,"minecraft:stone_sword":1,"minecraft:arrow":1,"minecraft:rotten_flesh":10,"minecraft:pumpkin_pie":3,"minecraft:peony":1,"supplementaries:ash":1,"minecraft:white_terracotta":1,"minecraft:cobblestone":28,"ecologics:walnut":5,"minecraft:repeater":1,"minecraft:golden_leggings":1,"minecraft:potato":4,"minecraft:oak_log":42,"minecraft:yellow_bed":1,"minecraft:golden_boots":1,"minecraft:dirt":19,"naturalist:glow_goop":1,"minecraft:bone":5,"supplementaries:present_orange":1,"minecraft:apple":4,"minecraft:wheat_seeds":2,"ftbquests:book":2,"farmersdelight:fruit_salad":2,"minecraft:iron_ingot":4,"quark:soul_bead":3,"minecraft:fletching_table":1,"minecraft:oak_planks":29,"atmospheric:golden_dragon_fruit":1,"patchouli:guide_book":1,"minecraft:stone_brick_slab":2,"quark:glass_item_frame":2,"born_in_chaos_v1:ethereal_spirit":1,"create:cut_deepslate_bricks":3,"minecraft:spider_eye":1,"quark:cobblestone_bricks":13,"minecraft:diamond":3,"autumnity:maple_sapling":4,"graveyard:lower_bone_staff":6,"minecraft:golden_apple":1,"minecraft:golden_horse_armor":1,"minecraft:oak_sapling":28,"minecraft:coal":33}},"DataVersion":3120}