{"stats":{"minecraft:killed":{"born_in_chaos_v1:restless_spirit":1,"minecraft:spider":7,"born_in_chaos_v1:decrepit_skeleton":2,"naturalist:snail":1,"minecraft:cow":1},"minecraft:killed_by":{"minecraft:player":2,"minecraft:skeleton":1,"minecraft:creeper":1,"minecraft:spider":2},"minecraft:dropped":{"patchouli:guide_book":1,"minecraft:oak_sapling":1},"minecraft:used":{"minecraft:stone_sword":57,"minecraft:oak_planks":2,"minecraft:cookie":4,"minecraft:crafting_table":2,"minecraft:carrot":36,"minecraft:apple":4,"minecraft:stone_axe":7,"minecraft:cobblestone":41,"minecraft:oak_sapling":1,"farmersdelight:fruit_salad":2,"minecraft:golden_pickaxe":51,"delightful:acorn":1},"minecraft:broken":{"minecraft:golden_pickaxe":1},"minecraft:crafted":{"minecraft:crafting_table":1,"minecraft:golden_pickaxe":2},"minecraft:mined":{"minecraft:white_bed":1,"minecraft:deepslate_diamond_ore":1,"minecraft:glow_lichen":1,"delightful:pumpkin_pie":2,"minecraft:grass_block":2,"minecraft:cobblestone":5,"minecraft:carrots":5,"minecraft:iron_ore":16,"treechop:chopped_log":3,"minecraft:yellow_bed":1,"minecraft:potatoes":1,"minecraft:coal_ore":18,"minecraft:dirt":3,"minecraft:stone":4,"minecraft:oak_leaves":9,"minecraft:deepslate":7},"minecraft:custom":{"enigmaticlegacy:play_time_with_seven_curses":0,"lootr:looted_stat":7,"minecraft:interact_with_furnace":4,"minecraft:mob_kills":12,"enigmaticlegacy:play_time_without_seven_curses":131132,"minecraft:interact_with_crafting_table":2,"minecraft:open_barrel":10,"minecraft:bell_ring":3,"minecraft:leave_game":2,"minecraft:time_since_death":64,"minecraft:sleep_in_bed":2,"minecraft:climb_one_cm":2094,"minecraft:time_since_rest":108,"minecraft:sprint_one_cm":234134,"minecraft:damage_taken":2130,"minecraft:walk_one_cm":322185,"minecraft:drop":2,"minecraft:damage_dealt":2272,"minecraft:swim_one_cm":12632,"minecraft:fly_one_cm":180892,"minecraft:open_chest":7,"minecraft:crouch_one_cm":2635,"minecraft:play_time":131654,"minecraft:deaths":6,"minecraft:sneak_time":630,"minecraft:walk_under_water_one_cm":2021,"minecraft:jump":1388,"minecraft:walk_on_water_one_cm":6757,"minecraft:total_world_time":131654,"minecraft:fall_one_cm":31919},"minecraft:picked_up":{"minecraft:crafting_table":1,"minecraft:potato":4,"minecraft:oak_log":36,"minecraft:dirt":4,"minecraft:string":14,"minecraft:bone":1,"minecraft:apple":4,"minecraft:wheat_seeds":1,"minecraft:cobbled_deepslate":7,"delightful:acorn":2,"minecraft:iron_ingot":4,"farmersdelight:fruit_salad":2,"minecraft:beef":1,"minecraft:poppy":1,"minecraft:oak_planks":25,"minecraft:egg":1,"minecraft:stick":5,"minecraft:raw_iron":32,"patchouli:guide_book":1,"born_in_chaos_v1:ethereal_spirit":1,"minecraft:carrot":16,"minecraft:rotten_flesh":3,"minecraft:diamond":3,"minecraft:pumpkin_pie":3,"minecraft:oak_sapling":19,"minecraft:coal":33,"minecraft:cobblestone":23}},"DataVersion":3120}