{"stats":{"minecraft:mined":{"minecraft:grass_block":2,"minecraft:dirt":3},"minecraft:custom":{"minecraft:time_since_rest":31264,"enigmaticlegacy:play_time_with_seven_curses":0,"minecraft:crouch_one_cm":155,"minecraft:play_time":31264,"minecraft:sprint_one_cm":18001,"minecraft:damage_taken":60,"minecraft:walk_one_cm":29612,"minecraft:sneak_time":29,"minecraft:drop":1,"minecraft:jump":127,"minecraft:damage_dealt":10,"minecraft:time_since_death":31264,"enigmaticlegacy:play_time_without_seven_curses":31264,"minecraft:total_world_time":31264,"minecraft:fall_one_cm":3622,"minecraft:fly_one_cm":11202},"minecraft:used":{"minecraft:oak_sapling":1},"minecraft:dropped":{"minecraft:oak_sapling":1},"minecraft:picked_up":{"minecraft:crafting_table":1,"minecraft:oak_sapling":2,"minecraft:oak_planks":25,"minecraft:dirt":4,"minecraft:cobblestone":12}},"DataVersion":3120}