{"stats":{"minecraft:killed_by":{"minecraft:skeleton":1,"minecraft:creeper":1},"minecraft:dropped":{"patchouli:guide_book":1,"minecraft:oak_sapling":1},"minecraft:used":{"minecraft:apple":4,"minecraft:oak_sapling":1},"minecraft:mined":{"minecraft:grass_block":2,"minecraft:dirt":3,"treechop:chopped_log":2},"minecraft:custom":{"minecraft:open_chest":4,"minecraft:time_since_rest":7797,"minecraft:bell_ring":2,"enigmaticlegacy:play_time_with_seven_curses":0,"minecraft:crouch_one_cm":155,"minecraft:play_time":71717,"minecraft:sprint_one_cm":101409,"minecraft:damage_taken":735,"minecraft:walk_one_cm":92532,"minecraft:deaths":2,"minecraft:sneak_time":50,"minecraft:walk_under_water_one_cm":426,"minecraft:drop":2,"minecraft:jump":478,"minecraft:damage_dealt":50,"minecraft:leave_game":2,"minecraft:time_since_death":7755,"minecraft:walk_on_water_one_cm":1279,"enigmaticlegacy:play_time_without_seven_curses":71621,"minecraft:total_world_time":71717,"minecraft:swim_one_cm":7029,"minecraft:fly_one_cm":64928,"minecraft:fall_one_cm":13832},"minecraft:picked_up":{"minecraft:stick":4,"minecraft:crafting_table":1,"minecraft:bone":1,"minecraft:apple":4,"patchouli:guide_book":1,"minecraft:wheat_seeds":1,"delightful:acorn":1,"minecraft:oak_log":30,"minecraft:oak_sapling":19,"minecraft:oak_planks":25,"minecraft:dirt":4,"minecraft:string":4,"minecraft:cobblestone":12}},"DataVersion":3120}