{"stats":{"minecraft:killed":{"minecraft:slime":1,"born_in_chaos_v1:maggot":2,"minecraft:sheep":2,"minecraft:skeleton":1,"minecraft:zombie":2,"born_in_chaos_v1:corpse_fly":1,"alexsmobs:fly":1},"minecraft:dropped":{"artifacts:power_glove":1,"farmersdelight:fruit_salad":2,"minecraft:pumpkin_pie":3,"minecraft:writable_book":3,"minecraft:wooden_pickaxe":1},"minecraft:used":{"minecraft:water_bucket":1,"minecraft:diorite":1,"minecraft:stone_sword":11,"minecraft:stone_pickaxe":210,"minecraft:oak_planks":10,"minecraft:oak_sign":3,"woodworks:oak_chest":2,"minecraft:wooden_pickaxe":59,"born_in_chaos_v1:fried_maggot":2,"farmersdelight:melon_juice":1,"minecraft:cookie":32,"minecraft:torch":19,"minecraft:golden_apple":1,"minecraft:crafting_table":4,"farmersdelight:sweet_berry_cookie":5,"minecraft:wooden_axe":44,"minecraft:apple":7,"minecraft:iron_axe":1,"minecraft:melon_slice":14,"minecraft:iron_pickaxe":130,"minecraft:cobblestone":13,"quark:slime_in_a_bucket":1,"minecraft:furnace":1,"create:pink_toolbox":7,"minecraft:andesite":4,"minecraft:bucket":2,"minecraft:yellow_bed":1,"create:white_toolbox":3,"supplementaries:soap":1,"delightful:acorn":4,"minecraft:experience_bottle":1},"minecraft:broken":{"minecraft:stone_pickaxe":1,"minecraft:wooden_pickaxe":1},"minecraft:crafted":{"minecraft:black_dye":4,"minecraft:oak_planks":104,"minecraft:oak_sign":3,"minecraft:crafting_table":2,"minecraft:wooden_pickaxe":1,"minecraft:furnace":1,"minecraft:copper_ingot":5,"ftbquests:book":1,"minecraft:air":0,"woodworks:oak_chest":2,"minecraft:bow":1,"minecraft:stick":24,"minecraft:iron_ingot":10,"minecraft:iron_pickaxe":1,"minecraft:stone_pickaxe":3,"minecraft:wooden_axe":1,"minecraft:torch":48},"minecraft:custom":{"enigmaticlegacy:play_time_with_seven_curses":0,"lootr:looted_stat":21,"minecraft:interact_with_furnace":11,"minecraft:mob_kills":10,"enigmaticlegacy:play_time_without_seven_curses":162399,"minecraft:interact_with_crafting_table":12,"minecraft:open_barrel":13,"minecraft:interact_with_campfire":2,"minecraft:leave_game":1,"minecraft:time_since_death":162399,"minecraft:sleep_in_bed":19,"minecraft:climb_one_cm":6527,"minecraft:time_since_rest":13008,"minecraft:sprint_one_cm":215969,"minecraft:damage_taken":868,"minecraft:walk_one_cm":356257,"minecraft:trigger_trapped_chest":1,"minecraft:drop":7,"minecraft:damage_dealt":1000,"minecraft:swim_one_cm":6510,"minecraft:talked_to_villager":5,"minecraft:fly_one_cm":142724,"minecraft:open_chest":34,"minecraft:crouch_one_cm":1024,"minecraft:play_time":162399,"minecraft:sneak_time":889,"minecraft:walk_under_water_one_cm":9514,"minecraft:jump":1066,"minecraft:walk_on_water_one_cm":3600,"minecraft:total_world_time":162399,"minecraft:fall_one_cm":18530},"minecraft:mined":{"supplementaries:book_pile_horizontal":1,"minecraft:brewing_stand":1,"minecraft:torch":4,"minecraft:crafting_table":3,"minecraft:granite":43,"environmental:bird_of_paradise":1,"minecraft:calcite":3,"iter_rpg:ametrine_ore":2,"minecraft:jungle_log":1,"galosphere:silver_ore":10,"minecraft:copper_ore":1,"minecraft:cobblestone":2,"autumnity:yellow_maple_leaves":1,"minecraft:lapis_ore":6,"minecraft:oak_planks":1,"minecraft:diorite":25,"minecraft:wall_torch":10,"environmental:giant_tall_grass":1,"supplementaries:urn":1,"create:mechanical_saw":1,"farmersdelight:wild_onions":5,"minecraft:iron_ore":17,"minecraft:andesite":14,"treechop:chopped_log":3,"minecraft:coal_ore":16,"minecraft:oak_log":16,"minecraft:cocoa":3,"minecraft:vine":2,"minecraft:gravel":2,"minecraft:dirt":10,"quark:permafrost":6,"minecraft:stone":201,"epicsamurai:ruby_ore":8,"create:limestone":19,"minecraft:oak_leaves":19,"create:zinc_ore":17},"minecraft:picked_up":{"minecraft:allium":7,"minecraft:cocoa_beans":5,"born_in_chaos_v1:corpse_maggot":2,"minecraft:crafting_table":3,"minecraft:andesite":14,"minecraft:jungle_log":11,"minecraft:wooden_pickaxe":1,"minecraft:potato":1,"create:raw_zinc":17,"minecraft:oak_log":26,"minecraft:brewing_stand":1,"minecraft:yellow_bed":1,"minecraft:lapis_lazuli":48,"minecraft:raw_copper":5,"minecraft:dirt":10,"create:limestone":19,"artifacts:power_glove":1,"minecraft:item_frame":1,"minecraft:bone":2,"minecraft:apple":2,"iter_rpg:ametrine_shard":4,"delightful:acorn":4,"quark:permafrost":6,"minecraft:calcite":3,"galosphere:raw_silver":10,"minecraft:book":3,"minecraft:oak_planks":1,"create:mechanical_saw":1,"minecraft:raw_iron":17,"minecraft:stick":11,"minecraft:torch":14,"minecraft:gravel":13,"create:hand_crank":1,"minecraft:diorite":25,"environmental:bird_of_paradise":1,"minecraft:rotten_flesh":3,"minecraft:stone_sword":1,"born_in_chaos_v1:fried_maggot":2,"minecraft:slime_ball":1,"farmersdelight:onion":5,"minecraft:writable_book":3,"minecraft:granite":48,"minecraft:coal":16,"epicsamurai:ruby":8,"alexsmobs:maggot":2,"minecraft:oak_sapling":10,"minecraft:mutton":4,"minecraft:white_wool":2,"minecraft:cobblestone":201}},"DataVersion":3120}