{"stats":{"minecraft:mined":{"create:zinc_ore":43,"create:deepslate_zinc_ore":1,"minecraft:tuff":50,"minecraft:white_bed":1,"tetra:block_geode":1,"supplementaries:flower_box":2,"farmersdelight:wild_carrots":6,"minecraft:brewing_stand":1,"minecraft:granite":95,"supplementaries:ash_bricks":2,"minecraft:spruce_fence":1,"iter_rpg:ametrine_ore":7,"born_in_chaos_v1:black_argillite":85,"minecraft:jungle_log":1,"minecraft:moss_block":2,"minecraft:oak_wall_sign":1,"graveyard:lower_bone_staff":3,"minecraft:spawner":3,"environmental:giant_tall_grass":1,"minecraft:hay_block":24,"farmersdelight:wild_onions":5,"minecraft:carrots":4,"iter_rpg:small_vase":1,"graveyard:tg_moss_block":1,"minecraft:raw_gold_block":1,"minecraft:iron_ore":20,"minecraft:cobbled_deepslate":4,"minecraft:andesite":126,"treechop:chopped_log":4,"minecraft:anvil":1,"minecraft:bell":7,"minecraft:potatoes":1,"minecraft:oak_sign":5,"minecraft:shroomlight":14,"bakery:strawberry_taiga":2,"minecraft:deepslate_iron_ore":4,"minecraft:vine":2,"bakery:strawberry_jungle":2,"supplementaries:jar":1,"minecraft:azalea_leaves":1,"quark:permafrost":6,"minecraft:stone":393,"create:limestone":24,"supplementaries:book_pile_horizontal":1,"minecraft:deepslate_redstone_ore":5,"minecraft:stripped_dark_oak_log":1,"minecraft:oak_fence":1,"supplementaries:blackstone_tile_slab":1,"minecraft:crafting_table":3,"minecraft:torch":12,"environmental:bird_of_paradise":1,"minecraft:calcite":3,"galosphere:silver_ore":10,"woodworks:oak_chest":2,"minecraft:copper_ore":7,"minecraft:tall_grass":1,"minecraft:cobblestone":26,"autumnity:yellow_maple_leaves":1,"minecraft:lapis_ore":6,"minecraft:oak_planks":2,"minecraft:diorite":56,"minecraft:wall_torch":19,"supplementaries:urn":3,"create:mechanical_saw":2,"create:mechanical_harvester":1,"iter_rpg:deepslate_ametrine_ore":4,"minecraft:grass":5,"minecraft:dead_brain_coral_block":1,"minecraft:oak_log":16,"minecraft:coal_ore":53,"minecraft:cocoa":3,"minecraft:gravel":9,"minecraft:dirt":12,"supplementaries:blackstone_lamp":1,"minecraft:oak_leaves":21,"minecraft:deepslate":343,"epicsamurai:ruby_ore":8,"table_top_craft:chess_piece_figure":1},"minecraft:custom":{"enigmaticlegacy:play_time_with_seven_curses":0,"lootr:looted_stat":46,"minecraft:interact_with_anvil":1,"minecraft:mob_kills":57,"minecraft:interact_with_crafting_table":17,"minecraft:open_barrel":35,"minecraft:bell_ring":36,"minecraft:interact_with_campfire":2,"minecraft:damage_dealt_resisted":1050,"minecraft:leave_game":9,"minecraft:time_since_death":197809,"minecraft:climb_one_cm":11952,"minecraft:sprint_one_cm":704610,"minecraft:walk_one_cm":906601,"minecraft:drop":36,"minecraft:talked_to_villager":7,"minecraft:raid_win":1,"minecraft:play_time":435607,"minecraft:sneak_time":1704,"minecraft:deaths":3,"minecraft:walk_under_water_one_cm":12623,"minecraft:jump":3198,"minecraft:walk_on_water_one_cm":9890,"minecraft:total_world_time":435607,"minecraft:interact_with_furnace":20,"enigmaticlegacy:play_time_without_seven_curses":452927,"minecraft:sleep_in_bed":34,"minecraft:time_since_rest":103011,"minecraft:damage_taken":3882,"minecraft:trigger_trapped_chest":1,"minecraft:damage_dealt":10541,"minecraft:player_kills":4,"minecraft:swim_one_cm":14131,"minecraft:fly_one_cm":507683,"minecraft:open_chest":87,"minecraft:crouch_one_cm":2824,"minecraft:fall_one_cm":74861,"minecraft:horse_one_cm":8302},"minecraft:killed_by":{"minecraft:skeleton":2},"minecraft:used":{"minecraft:stone_sword":119,"minecraft:oak_sign":4,"woodworks:oak_chest":6,"minecraft:iron_sword":74,"farmersdelight:melon_juice":1,"minecraft:bell":8,"born_in_chaos_v1:fried_maggot":2,"minecraft:dirt":4,"minecraft:torch":63,"minecraft:anvil":1,"farmersdelight:sweet_berry_cookie":5,"minecraft:wooden_axe":44,"born_in_chaos_v1:smoked_flesh":7,"minecraft:iron_axe":21,"minecraft:golden_carrot":2,"minecraft:bow":3,"minecraft:furnace":1,"minecraft:egg":1,"create:white_toolbox":7,"minecraft:cobbled_deepslate":6,"minecraft:cooked_mutton":3,"minecraft:water_bucket":13,"minecraft:diorite":1,"table_top_craft:chess_piece_figure":1,"minecraft:lead":2,"minecraft:stone_pickaxe":239,"minecraft:oak_planks":13,"minecraft:wooden_pickaxe":59,"minecraft:cookie":35,"minecraft:golden_apple":1,"graveyard:lower_bone_staff":2,"minecraft:crafting_table":4,"minecraft:white_bed":1,"minecraft:apple":36,"minecraft:melon_slice":28,"minecraft:bread":27,"minecraft:string":1,"minecraft:iron_pickaxe":1118,"minecraft:potion":1,"minecraft:cobblestone":42,"quark:slime_in_a_bucket":1,"create:cyan_toolbox":2,"create:pink_toolbox":11,"minecraft:andesite":4,"minecraft:bucket":14,"minecraft:yellow_bed":3,"supplementaries:soap":1,"delightful:acorn":4,"minecraft:oak_fence":1,"minecraft:experience_bottle":1},"minecraft:crafted":{"minecraft:black_dye":4,"minecraft:oak_planks":104,"minecraft:oak_sign":3,"minecraft:furnace":1,"minecraft:cooked_mutton":6,"minecraft:bow":1,"minecraft:stone_pickaxe":3,"minecraft:wheat":216,"minecraft:crafting_table":2,"minecraft:wooden_pickaxe":1,"minecraft:iron_sword":1,"minecraft:copper_ingot":5,"ftbquests:book":1,"minecraft:bread":72,"minecraft:air":0,"woodworks:oak_chest":4,"minecraft:iron_chestplate":1,"minecraft:raw_gold":9,"minecraft:stick":28,"minecraft:iron_ingot":17,"create:raw_zinc":9,"minecraft:iron_pickaxe":1,"minecraft:wooden_axe":1,"minecraft:iron_leggings":1,"minecraft:torch":48},"minecraft:killed":{"minecraft:cave_spider":1,"minecraft:witch":1,"born_in_chaos_v1:restless_spirit":3,"born_in_chaos_v1:door_knight_not_despawn":1,"minecraft:spider":3,"minecraft:slime":1,"minecraft:zombie_horse":2,"born_in_chaos_v1:maggot":3,"minecraft:skeleton":5,"born_in_chaos_v1:dread_hound_not_despawn":2,"minecraft:sheep":4,"minecraft:pillager":1,"minecraft:zombie":19,"born_in_chaos_v1:corpse_fly":1,"dungeons_mobs:necromancer":1,"alexsmobs:fly":1,"minecraft:cow":1},"minecraft:dropped":{"minecraft:iron_ingot":5,"minecraft:wheat_seeds":1,"minecraft:iron_horse_armor":1,"minecraft:golden_apple":1,"minecraft:stick":1,"minecraft:cobweb":6,"minecraft:torch":1,"minecraft:writable_book":3,"minecraft:pumpkin_pie":3,"minecraft:axolotl_bucket":2,"minecraft:string":2,"ftbquests:book":1,"minecraft:gravel":11,"farmersdelight:melon_juice":4,"artifacts:power_glove":1,"minecraft:stone_sword":1,"farmersdelight:fruit_salad":6,"supplementaries:jar":1,"minecraft:rotten_flesh":5,"born_in_chaos_v1:corpse_maggot":1,"minecraft:oak_sapling":3,"create:mechanical_harvester":1,"minecraft:wooden_pickaxe":1,"minecraft:written_book":1},"minecraft:broken":{"minecraft:stone_sword":1,"minecraft:wooden_pickaxe":1,"minecraft:stone_pickaxe":1,"minecraft:iron_pickaxe":1},"minecraft:picked_up":{"iter_rpg:spawner_fragment":3,"minecraft:crafting_table":3,"minecraft:cocoa_beans":5,"minecraft:iron_chestplate":1,"minecraft:allium":7,"minecraft:creeper_head":2,"minecraft:anvil":1,"minecraft:lead":4,"minecraft:wooden_pickaxe":1,"minecraft:potion":1,"minecraft:enchanted_book":2,"bakery:strawberry_seeds":2,"minecraft:brewing_stand":1,"create:mechanical_harvester":1,"supplementaries:jar":1,"born_in_chaos_v1:black_argillite":85,"minecraft:string":6,"minecraft:raw_copper":34,"create:limestone":24,"artifacts:power_glove":1,"minecraft:item_frame":1,"woodworks:oak_chest":2,"minecraft:shroomlight":14,"minecraft:oak_sign":4,"iter_rpg:ametrine_shard":28,"minecraft:cobbled_deepslate":344,"delightful:acorn":5,"minecraft:beef":3,"quark:permafrost":6,"minecraft:calcite":3,"minecraft:iron_nugget":6,"minecraft:egg":1,"minecraft:stick":13,"minecraft:raw_iron":24,"minecraft:stone":1,"minecraft:raw_gold_block":1,"minecraft:oak_fence":1,"minecraft:torch":31,"minecraft:music_disc_11":1,"create:hand_crank":2,"minecraft:diorite":56,"minecraft:carrot":10,"minecraft:redstone":22,"environmental:bird_of_paradise":1,"minecraft:iron_horse_armor":2,"minecraft:stone_sword":2,"born_in_chaos_v1:fried_maggot":2,"minecraft:arrow":5,"minecraft:rotten_flesh":29,"farmersdelight:onion":5,"minecraft:hay_block":24,"farmersdelight:melon_juice":2,"minecraft:mutton":7,"minecraft:white_wool":4,"minecraft:cobblestone":416,"born_in_chaos_v1:corpse_maggot":3,"minecraft:mud_bricks":1,"supplementaries:blackstone_lamp":1,"born_in_chaos_v1:monster_flesh":2,"minecraft:andesite":126,"minecraft:jungle_log":11,"table_top_craft:chess_piece_figure":1,"minecraft:leather":1,"minecraft:potato":6,"minecraft:tuff":50,"create:raw_zinc":44,"minecraft:oak_log":31,"minecraft:yellow_bed":3,"minecraft:lapis_lazuli":48,"minecraft:dirt":16,"born_in_chaos_v1:monster_skin":2,"minecraft:bone":6,"minecraft:apple":3,"minecraft:wheat_seeds":2,"supplementaries:blackstone_tile_slab":1,"minecraft:bell":7,"minecraft:rabbit_hide":6,"farmersdelight:fruit_salad":2,"minecraft:iron_ingot":2,"minecraft:cobweb":12,"galosphere:raw_silver":10,"minecraft:oak_planks":4,"create:mechanical_saw":2,"minecraft:book":3,"bakery:strawberry":3,"born_in_chaos_v1:ethereal_spirit":5,"minecraft:axolotl_bucket":3,"minecraft:gravel":23,"minecraft:white_bed":1,"minecraft:spider_eye":2,"minecraft:mossy_cobblestone":1,"minecraft:sugar":2,"minecraft:slime_ball":1,"tetra:geode":1,"minecraft:writable_book":3,"minecraft:granite":100,"graveyard:lower_bone_staff":3,"minecraft:golden_apple":2,"minecraft:gray_wool":1,"supplementaries:copper_lantern":1,"minecraft:bread":7,"alexsmobs:maggot":2,"epicsamurai:ruby":8,"minecraft:oak_sapling":15,"minecraft:coal":69}},"DataVersion":3120}