{"stats":{"minecraft:picked_up":{"minecraft:dirt":1},"minecraft:mined":{"minecraft:grass_block":1},"minecraft:custom":{"minecraft:jump":2,"minecraft:time_since_rest":3560,"enigmaticlegacy:play_time_with_seven_curses":0,"minecraft:leave_game":1,"minecraft:sprint_one_cm":1310,"minecraft:play_time":3560,"minecraft:time_since_death":3560,"minecraft:walk_one_cm":6396,"enigmaticlegacy:play_time_without_seven_curses":3560,"minecraft:total_world_time":3560,"minecraft:fall_one_cm":269},"minecraft:used":{"minecraft:dirt":1}},"DataVersion":3120}