{"stats":{"minecraft:mined":{"minecraft:brewing_stand":1,"minecraft:crafting_table":2,"environmental:bird_of_paradise":1,"minecraft:jungle_log":1,"autumnity:yellow_maple_leaves":1,"minecraft:oak_planks":1,"supplementaries:urn":1,"environmental:giant_tall_grass":1,"create:mechanical_saw":1,"treechop:chopped_log":3,"minecraft:oak_log":16,"minecraft:cocoa":3,"minecraft:vine":2,"minecraft:oak_leaves":19},"minecraft:custom":{"enigmaticlegacy:play_time_with_seven_curses":0,"minecraft:interact_with_furnace":5,"lootr:looted_stat":21,"minecraft:mob_kills":8,"enigmaticlegacy:play_time_without_seven_curses":99169,"minecraft:interact_with_crafting_table":2,"minecraft:open_barrel":13,"minecraft:interact_with_campfire":2,"minecraft:time_since_death":99169,"minecraft:sleep_in_bed":9,"minecraft:climb_one_cm":6527,"minecraft:time_since_rest":7423,"minecraft:sprint_one_cm":144275,"minecraft:damage_taken":561,"minecraft:walk_one_cm":217136,"minecraft:trigger_trapped_chest":1,"minecraft:drop":5,"minecraft:damage_dealt":770,"minecraft:swim_one_cm":2917,"minecraft:talked_to_villager":4,"minecraft:fly_one_cm":89982,"minecraft:open_chest":12,"minecraft:crouch_one_cm":293,"minecraft:play_time":99169,"minecraft:sneak_time":401,"minecraft:jump":546,"minecraft:walk_on_water_one_cm":1179,"minecraft:total_world_time":99169,"minecraft:fall_one_cm":10641},"minecraft:used":{"minecraft:stone_sword":6,"minecraft:oak_planks":10,"minecraft:wooden_pickaxe":3,"born_in_chaos_v1:fried_maggot":2,"farmersdelight:melon_juice":1,"minecraft:golden_apple":1,"minecraft:crafting_table":2,"farmersdelight:sweet_berry_cookie":5,"minecraft:wooden_axe":44,"minecraft:apple":7,"minecraft:melon_slice":10,"quark:slime_in_a_bucket":1,"create:pink_toolbox":6,"minecraft:bucket":1,"minecraft:yellow_bed":1,"create:white_toolbox":2,"supplementaries:soap":1,"delightful:acorn":4,"minecraft:experience_bottle":1},"minecraft:crafted":{"minecraft:oak_planks":104,"minecraft:crafting_table":1,"minecraft:wooden_pickaxe":1,"minecraft:wooden_axe":1},"minecraft:killed":{"minecraft:slime":1,"born_in_chaos_v1:maggot":2,"minecraft:skeleton":1,"minecraft:zombie":2,"born_in_chaos_v1:corpse_fly":1,"alexsmobs:fly":1},"minecraft:dropped":{"artifacts:power_glove":1,"minecraft:writable_book":3,"minecraft:wooden_pickaxe":1},"minecraft:picked_up":{"born_in_chaos_v1:corpse_maggot":2,"minecraft:cocoa_beans":5,"minecraft:crafting_table":2,"minecraft:jungle_log":11,"minecraft:wooden_pickaxe":1,"minecraft:oak_log":26,"minecraft:brewing_stand":1,"minecraft:yellow_bed":1,"artifacts:power_glove":1,"minecraft:item_frame":1,"minecraft:bone":2,"minecraft:apple":2,"delightful:acorn":4,"minecraft:oak_planks":1,"create:mechanical_saw":1,"minecraft:stick":11,"create:hand_crank":1,"environmental:bird_of_paradise":1,"minecraft:rotten_flesh":3,"minecraft:stone_sword":1,"born_in_chaos_v1:fried_maggot":2,"minecraft:slime_ball":1,"minecraft:writable_book":3,"alexsmobs:maggot":2,"minecraft:oak_sapling":10}},"DataVersion":3120}