{"stats":{"minecraft:mined":{"create:mechanical_saw":1,"environmental:giant_tall_grass":1,"minecraft:brewing_stand":1,"treechop:chopped_log":3,"minecraft:crafting_table":2,"environmental:bird_of_paradise":1,"minecraft:oak_log":16,"minecraft:vine":2,"minecraft:cocoa":3,"minecraft:jungle_log":1,"autumnity:yellow_maple_leaves":1,"minecraft:oak_planks":1,"minecraft:oak_leaves":19,"supplementaries:urn":1},"minecraft:custom":{"minecraft:time_since_rest":10889,"enigmaticlegacy:play_time_with_seven_curses":0,"minecraft:sprint_one_cm":98802,"lootr:looted_stat":18,"minecraft:damage_taken":551,"minecraft:walk_one_cm":160549,"minecraft:trigger_trapped_chest":1,"minecraft:mob_kills":7,"minecraft:drop":4,"minecraft:damage_dealt":760,"enigmaticlegacy:play_time_without_seven_curses":51169,"minecraft:talked_to_villager":2,"minecraft:interact_with_crafting_table":2,"minecraft:swim_one_cm":2917,"minecraft:fly_one_cm":48477,"minecraft:open_barrel":13,"minecraft:open_chest":9,"minecraft:crouch_one_cm":293,"minecraft:play_time":51169,"minecraft:interact_with_campfire":2,"minecraft:sneak_time":254,"minecraft:jump":348,"minecraft:time_since_death":51169,"minecraft:walk_on_water_one_cm":666,"minecraft:sleep_in_bed":5,"minecraft:climb_one_cm":6027,"minecraft:total_world_time":51169,"minecraft:interact_with_furnace":5,"minecraft:fall_one_cm":4104},"minecraft:crafted":{"minecraft:oak_planks":104,"minecraft:crafting_table":1,"minecraft:wooden_pickaxe":1,"minecraft:wooden_axe":1},"minecraft:used":{"minecraft:wooden_axe":44,"minecraft:stone_sword":5,"minecraft:apple":7,"minecraft:melon_slice":2,"minecraft:oak_planks":10,"minecraft:wooden_pickaxe":3,"farmersdelight:melon_juice":1,"born_in_chaos_v1:fried_maggot":2,"minecraft:golden_apple":1,"minecraft:crafting_table":2,"create:pink_toolbox":4,"create:white_toolbox":1,"minecraft:experience_bottle":1,"supplementaries:soap":1,"farmersdelight:sweet_berry_cookie":5,"delightful:acorn":4},"minecraft:killed":{"minecraft:zombie":2,"born_in_chaos_v1:corpse_fly":1,"alexsmobs:fly":1,"minecraft:skeleton":1,"born_in_chaos_v1:maggot":2},"minecraft:dropped":{"artifacts:power_glove":1,"minecraft:writable_book":3},"minecraft:picked_up":{"minecraft:cocoa_beans":5,"born_in_chaos_v1:corpse_maggot":2,"minecraft:stick":11,"minecraft:crafting_table":2,"minecraft:jungle_log":11,"minecraft:oak_log":26,"minecraft:brewing_stand":1,"create:hand_crank":1,"minecraft:yellow_bed":1,"environmental:bird_of_paradise":1,"minecraft:bone":2,"artifacts:power_glove":1,"minecraft:stone_sword":1,"minecraft:item_frame":1,"born_in_chaos_v1:fried_maggot":2,"minecraft:rotten_flesh":3,"minecraft:apple":2,"minecraft:writable_book":3,"delightful:acorn":4,"alexsmobs:maggot":2,"minecraft:oak_sapling":10,"minecraft:oak_planks":1,"create:mechanical_saw":1}},"DataVersion":3120}