{"stats":{"minecraft:mined":{"minecraft:oak_log":16,"autumnity:yellow_maple_leaves":1,"treechop:chopped_log":2,"minecraft:oak_leaves":18,"minecraft:crafting_table":1},"minecraft:custom":{"minecraft:crouch_one_cm":142,"minecraft:time_since_rest":15169,"enigmaticlegacy:play_time_with_seven_curses":0,"minecraft:play_time":15169,"lootr:looted_stat":1,"minecraft:sprint_one_cm":24279,"minecraft:damage_taken":139,"minecraft:walk_one_cm":31862,"minecraft:sneak_time":167,"minecraft:mob_kills":1,"minecraft:drop":1,"minecraft:jump":69,"minecraft:damage_dealt":100,"minecraft:time_since_death":15169,"enigmaticlegacy:play_time_without_seven_curses":15169,"minecraft:total_world_time":15169,"minecraft:interact_with_crafting_table":2,"minecraft:fall_one_cm":1024,"minecraft:fly_one_cm":5605},"minecraft:crafted":{"minecraft:oak_planks":12,"minecraft:crafting_table":1,"minecraft:wooden_pickaxe":1,"minecraft:wooden_axe":1},"minecraft:used":{"minecraft:wooden_axe":18,"minecraft:apple":1,"minecraft:crafting_table":2,"minecraft:oak_planks":1,"delightful:acorn":2},"minecraft:killed":{"born_in_chaos_v1:corpse_fly":1},"minecraft:dropped":{"artifacts:power_glove":1},"minecraft:picked_up":{"born_in_chaos_v1:corpse_maggot":1,"artifacts:power_glove":1,"minecraft:crafting_table":1,"minecraft:stick":10,"minecraft:apple":2,"delightful:acorn":4,"minecraft:oak_log":26,"minecraft:oak_sapling":9}},"DataVersion":3120}