{"stats":{"minecraft:killed":{"minecraft:slime":1,"born_in_chaos_v1:maggot":2,"minecraft:skeleton":1,"minecraft:zombie":2,"born_in_chaos_v1:corpse_fly":1,"alexsmobs:fly":1},"minecraft:dropped":{"artifacts:power_glove":1,"minecraft:writable_book":3,"minecraft:wooden_pickaxe":1},"minecraft:used":{"minecraft:water_bucket":1,"minecraft:stone_sword":6,"minecraft:oak_planks":10,"minecraft:oak_sign":3,"woodworks:oak_chest":2,"minecraft:wooden_pickaxe":33,"born_in_chaos_v1:fried_maggot":2,"farmersdelight:melon_juice":1,"minecraft:golden_apple":1,"minecraft:crafting_table":3,"farmersdelight:sweet_berry_cookie":5,"minecraft:wooden_axe":44,"minecraft:apple":7,"minecraft:melon_slice":11,"quark:slime_in_a_bucket":1,"create:pink_toolbox":7,"minecraft:bucket":2,"minecraft:yellow_bed":1,"create:white_toolbox":3,"supplementaries:soap":1,"delightful:acorn":4,"minecraft:experience_bottle":1},"minecraft:mined":{"minecraft:brewing_stand":1,"minecraft:crafting_table":2,"environmental:bird_of_paradise":1,"minecraft:jungle_log":1,"autumnity:yellow_maple_leaves":1,"minecraft:oak_planks":1,"environmental:giant_tall_grass":1,"supplementaries:urn":1,"create:mechanical_saw":1,"treechop:chopped_log":3,"minecraft:oak_log":16,"minecraft:cocoa":3,"minecraft:vine":2,"minecraft:stone":28,"create:limestone":2,"minecraft:oak_leaves":19},"minecraft:crafted":{"minecraft:oak_planks":104,"minecraft:oak_sign":3,"minecraft:crafting_table":1,"minecraft:wooden_pickaxe":1,"woodworks:oak_chest":2,"minecraft:stick":8,"minecraft:wooden_axe":1},"minecraft:custom":{"enigmaticlegacy:play_time_with_seven_curses":0,"lootr:looted_stat":21,"minecraft:interact_with_furnace":5,"minecraft:mob_kills":8,"enigmaticlegacy:play_time_without_seven_curses":114399,"minecraft:interact_with_crafting_table":5,"minecraft:open_barrel":13,"minecraft:interact_with_campfire":2,"minecraft:leave_game":1,"minecraft:time_since_death":114399,"minecraft:sleep_in_bed":10,"minecraft:climb_one_cm":6527,"minecraft:time_since_rest":9936,"minecraft:sprint_one_cm":145175,"minecraft:damage_taken":561,"minecraft:walk_one_cm":234118,"minecraft:trigger_trapped_chest":1,"minecraft:drop":5,"minecraft:damage_dealt":770,"minecraft:swim_one_cm":2917,"minecraft:talked_to_villager":4,"minecraft:fly_one_cm":90497,"minecraft:open_chest":19,"minecraft:crouch_one_cm":293,"minecraft:play_time":114399,"minecraft:sneak_time":467,"minecraft:jump":562,"minecraft:walk_on_water_one_cm":1179,"minecraft:total_world_time":114399,"minecraft:fall_one_cm":10641},"minecraft:picked_up":{"minecraft:cocoa_beans":5,"born_in_chaos_v1:corpse_maggot":2,"minecraft:crafting_table":2,"minecraft:jungle_log":11,"minecraft:wooden_pickaxe":1,"minecraft:oak_log":26,"minecraft:brewing_stand":1,"minecraft:yellow_bed":1,"create:limestone":2,"artifacts:power_glove":1,"minecraft:item_frame":1,"minecraft:bone":2,"minecraft:apple":2,"delightful:acorn":4,"minecraft:oak_planks":1,"create:mechanical_saw":1,"minecraft:stick":11,"create:hand_crank":1,"environmental:bird_of_paradise":1,"minecraft:rotten_flesh":3,"minecraft:stone_sword":1,"born_in_chaos_v1:fried_maggot":2,"minecraft:slime_ball":1,"minecraft:writable_book":3,"alexsmobs:maggot":2,"minecraft:oak_sapling":10,"minecraft:cobblestone":28}},"DataVersion":3120}