{"stats":{"minecraft:mined":{"create:mechanical_saw":1,"environmental:giant_tall_grass":1,"treechop:chopped_log":3,"minecraft:crafting_table":2,"environmental:bird_of_paradise":1,"minecraft:oak_log":16,"minecraft:vine":2,"minecraft:cocoa":3,"minecraft:jungle_log":1,"autumnity:yellow_maple_leaves":1,"minecraft:oak_planks":1,"minecraft:oak_leaves":19,"supplementaries:urn":1},"minecraft:custom":{"minecraft:time_since_rest":5532,"enigmaticlegacy:play_time_with_seven_curses":0,"minecraft:sprint_one_cm":86071,"lootr:looted_stat":7,"minecraft:damage_taken":551,"minecraft:walk_one_cm":134621,"minecraft:mob_kills":6,"minecraft:drop":1,"minecraft:damage_dealt":740,"enigmaticlegacy:play_time_without_seven_curses":39169,"minecraft:interact_with_crafting_table":2,"minecraft:swim_one_cm":2917,"minecraft:fly_one_cm":43963,"minecraft:open_barrel":5,"minecraft:open_chest":8,"minecraft:crouch_one_cm":293,"minecraft:play_time":39169,"minecraft:interact_with_campfire":2,"minecraft:sneak_time":211,"minecraft:jump":321,"minecraft:time_since_death":39169,"minecraft:walk_on_water_one_cm":666,"minecraft:sleep_in_bed":3,"minecraft:climb_one_cm":3379,"minecraft:total_world_time":39169,"minecraft:fall_one_cm":3686},"minecraft:crafted":{"minecraft:oak_planks":104,"minecraft:crafting_table":1,"minecraft:wooden_pickaxe":1,"minecraft:wooden_axe":1},"minecraft:used":{"minecraft:wooden_axe":44,"minecraft:stone_sword":4,"minecraft:apple":5,"minecraft:oak_planks":10,"minecraft:wooden_pickaxe":2,"born_in_chaos_v1:fried_maggot":2,"minecraft:golden_apple":1,"minecraft:crafting_table":2,"create:pink_toolbox":3,"supplementaries:soap":1,"farmersdelight:sweet_berry_cookie":5,"delightful:acorn":4},"minecraft:killed":{"minecraft:zombie":2,"born_in_chaos_v1:corpse_fly":1,"minecraft:skeleton":1,"born_in_chaos_v1:maggot":2},"minecraft:dropped":{"artifacts:power_glove":1},"minecraft:picked_up":{"minecraft:cocoa_beans":5,"born_in_chaos_v1:corpse_maggot":2,"minecraft:stick":11,"minecraft:crafting_table":2,"minecraft:jungle_log":11,"minecraft:oak_log":26,"create:hand_crank":1,"minecraft:yellow_bed":1,"environmental:bird_of_paradise":1,"minecraft:bone":2,"artifacts:power_glove":1,"minecraft:stone_sword":1,"minecraft:item_frame":1,"born_in_chaos_v1:fried_maggot":2,"minecraft:rotten_flesh":3,"minecraft:apple":2,"delightful:acorn":4,"minecraft:oak_sapling":10,"minecraft:oak_planks":1,"create:mechanical_saw":1}},"DataVersion":3120}