{"stats":{"minecraft:mined":{"minecraft:oak_log":5,"minecraft:oak_leaves":7},"minecraft:custom":{"minecraft:time_since_rest":3169,"enigmaticlegacy:play_time_with_seven_curses":0,"minecraft:play_time":3169,"minecraft:time_since_death":3169,"minecraft:walk_one_cm":9267,"enigmaticlegacy:play_time_without_seven_curses":3169,"minecraft:total_world_time":3169,"minecraft:jump":7},"minecraft:picked_up":{"delightful:acorn":3,"minecraft:stick":3,"minecraft:oak_log":5,"minecraft:apple":1,"minecraft:oak_sapling":3}},"DataVersion":3120}