{"stats":{"minecraft:killed":{"minecraft:slime":1,"born_in_chaos_v1:maggot":2,"minecraft:sheep":2,"minecraft:skeleton":1,"minecraft:zombie":2,"born_in_chaos_v1:corpse_fly":1,"alexsmobs:fly":1},"minecraft:dropped":{"artifacts:power_glove":1,"minecraft:writable_book":3,"minecraft:wooden_pickaxe":1},"minecraft:used":{"minecraft:water_bucket":1,"minecraft:diorite":1,"minecraft:stone_sword":10,"minecraft:stone_pickaxe":210,"minecraft:oak_planks":10,"minecraft:oak_sign":3,"woodworks:oak_chest":2,"minecraft:wooden_pickaxe":59,"born_in_chaos_v1:fried_maggot":2,"farmersdelight:melon_juice":1,"minecraft:cookie":25,"minecraft:torch":12,"minecraft:golden_apple":1,"minecraft:crafting_table":3,"farmersdelight:sweet_berry_cookie":5,"minecraft:wooden_axe":44,"minecraft:apple":7,"minecraft:melon_slice":14,"quark:slime_in_a_bucket":1,"minecraft:furnace":1,"create:pink_toolbox":7,"minecraft:andesite":4,"minecraft:bucket":2,"minecraft:yellow_bed":1,"create:white_toolbox":3,"supplementaries:soap":1,"delightful:acorn":4,"minecraft:experience_bottle":1},"minecraft:broken":{"minecraft:stone_pickaxe":1,"minecraft:wooden_pickaxe":1},"minecraft:crafted":{"minecraft:black_dye":4,"minecraft:oak_planks":104,"minecraft:oak_sign":3,"minecraft:crafting_table":2,"minecraft:wooden_pickaxe":1,"minecraft:furnace":1,"minecraft:copper_ingot":5,"ftbquests:book":1,"minecraft:air":0,"woodworks:oak_chest":2,"minecraft:bow":1,"minecraft:stick":24,"minecraft:iron_ingot":10,"minecraft:stone_pickaxe":3,"minecraft:wooden_axe":1,"minecraft:torch":48},"minecraft:custom":{"enigmaticlegacy:play_time_with_seven_curses":0,"lootr:looted_stat":21,"minecraft:interact_with_furnace":11,"minecraft:mob_kills":10,"enigmaticlegacy:play_time_without_seven_curses":150399,"minecraft:interact_with_crafting_table":11,"minecraft:open_barrel":13,"minecraft:interact_with_campfire":2,"minecraft:leave_game":1,"minecraft:time_since_death":150399,"minecraft:sleep_in_bed":19,"minecraft:climb_one_cm":6527,"minecraft:time_since_rest":1008,"minecraft:sprint_one_cm":180673,"minecraft:damage_taken":848,"minecraft:walk_one_cm":306603,"minecraft:trigger_trapped_chest":1,"minecraft:drop":5,"minecraft:damage_dealt":930,"minecraft:swim_one_cm":6510,"minecraft:talked_to_villager":5,"minecraft:fly_one_cm":128280,"minecraft:open_chest":34,"minecraft:crouch_one_cm":719,"minecraft:play_time":150399,"minecraft:sneak_time":757,"minecraft:walk_under_water_one_cm":9514,"minecraft:jump":952,"minecraft:walk_on_water_one_cm":3600,"minecraft:total_world_time":150399,"minecraft:fall_one_cm":16579},"minecraft:mined":{"supplementaries:book_pile_horizontal":1,"minecraft:brewing_stand":1,"minecraft:torch":2,"minecraft:crafting_table":2,"minecraft:granite":21,"environmental:bird_of_paradise":1,"minecraft:calcite":3,"minecraft:jungle_log":1,"minecraft:copper_ore":1,"autumnity:yellow_maple_leaves":1,"minecraft:oak_planks":1,"minecraft:diorite":25,"minecraft:wall_torch":7,"environmental:giant_tall_grass":1,"supplementaries:urn":1,"create:mechanical_saw":1,"farmersdelight:wild_onions":5,"minecraft:iron_ore":10,"minecraft:andesite":14,"treechop:chopped_log":3,"minecraft:oak_log":16,"minecraft:cocoa":3,"minecraft:vine":2,"minecraft:gravel":2,"minecraft:dirt":10,"quark:permafrost":6,"minecraft:stone":161,"create:limestone":19,"minecraft:oak_leaves":19},"minecraft:picked_up":{"minecraft:allium":7,"minecraft:cocoa_beans":5,"born_in_chaos_v1:corpse_maggot":2,"minecraft:crafting_table":2,"minecraft:andesite":14,"minecraft:jungle_log":11,"minecraft:wooden_pickaxe":1,"minecraft:potato":1,"minecraft:oak_log":26,"minecraft:brewing_stand":1,"minecraft:yellow_bed":1,"minecraft:raw_copper":5,"minecraft:dirt":10,"create:limestone":19,"artifacts:power_glove":1,"minecraft:item_frame":1,"minecraft:bone":2,"minecraft:apple":2,"delightful:acorn":4,"quark:permafrost":6,"minecraft:calcite":3,"minecraft:book":3,"minecraft:oak_planks":1,"create:mechanical_saw":1,"minecraft:raw_iron":10,"minecraft:stick":11,"minecraft:torch":9,"minecraft:gravel":2,"create:hand_crank":1,"minecraft:diorite":25,"environmental:bird_of_paradise":1,"minecraft:rotten_flesh":3,"minecraft:stone_sword":1,"born_in_chaos_v1:fried_maggot":2,"minecraft:slime_ball":1,"farmersdelight:onion":5,"minecraft:writable_book":3,"minecraft:granite":21,"alexsmobs:maggot":2,"minecraft:oak_sapling":10,"minecraft:mutton":4,"minecraft:white_wool":2,"minecraft:cobblestone":160}},"DataVersion":3120}