{"stats":{"minecraft:killed":{"minecraft:spider":1,"minecraft:slime":1,"born_in_chaos_v1:maggot":2,"minecraft:skeleton":2,"born_in_chaos_v1:dread_hound_not_despawn":2,"minecraft:sheep":4,"minecraft:zombie":4,"born_in_chaos_v1:corpse_fly":1,"alexsmobs:fly":1},"minecraft:killed_by":{"minecraft:skeleton":1},"minecraft:dropped":{"minecraft:wheat_seeds":1,"minecraft:writable_book":3,"minecraft:pumpkin_pie":3,"minecraft:gravel":11,"artifacts:power_glove":1,"farmersdelight:fruit_salad":2,"minecraft:wooden_pickaxe":1},"minecraft:used":{"minecraft:stone_sword":34,"minecraft:oak_sign":3,"woodworks:oak_chest":2,"farmersdelight:melon_juice":1,"born_in_chaos_v1:fried_maggot":2,"minecraft:torch":24,"farmersdelight:sweet_berry_cookie":5,"minecraft:wooden_axe":44,"minecraft:iron_axe":1,"minecraft:bow":3,"minecraft:furnace":1,"create:white_toolbox":3,"minecraft:water_bucket":1,"minecraft:diorite":1,"minecraft:stone_pickaxe":210,"minecraft:oak_planks":10,"minecraft:wooden_pickaxe":59,"minecraft:cookie":35,"minecraft:golden_apple":1,"minecraft:crafting_table":4,"minecraft:apple":21,"minecraft:melon_slice":14,"minecraft:iron_pickaxe":130,"minecraft:cobblestone":13,"quark:slime_in_a_bucket":1,"create:pink_toolbox":7,"minecraft:bucket":2,"minecraft:andesite":4,"minecraft:yellow_bed":1,"supplementaries:soap":1,"delightful:acorn":4,"minecraft:experience_bottle":1},"minecraft:broken":{"minecraft:wooden_pickaxe":1,"minecraft:stone_pickaxe":1},"minecraft:crafted":{"minecraft:black_dye":4,"minecraft:oak_planks":104,"minecraft:oak_sign":3,"minecraft:furnace":1,"minecraft:bow":1,"minecraft:stone_pickaxe":3,"minecraft:crafting_table":2,"minecraft:wooden_pickaxe":1,"minecraft:copper_ingot":5,"ftbquests:book":1,"minecraft:air":0,"woodworks:oak_chest":2,"minecraft:iron_chestplate":1,"minecraft:stick":24,"minecraft:iron_ingot":17,"minecraft:iron_pickaxe":1,"minecraft:wooden_axe":1,"minecraft:torch":48},"minecraft:custom":{"enigmaticlegacy:play_time_with_seven_curses":0,"lootr:looted_stat":21,"minecraft:mob_kills":18,"minecraft:interact_with_crafting_table":13,"minecraft:open_barrel":13,"minecraft:interact_with_campfire":2,"minecraft:leave_game":1,"minecraft:time_since_death":3103,"minecraft:climb_one_cm":6676,"minecraft:sprint_one_cm":299226,"minecraft:walk_one_cm":385400,"minecraft:drop":9,"minecraft:talked_to_villager":5,"minecraft:play_time":174399,"minecraft:deaths":1,"minecraft:sneak_time":1152,"minecraft:walk_under_water_one_cm":9514,"minecraft:jump":1449,"minecraft:walk_on_water_one_cm":3600,"minecraft:total_world_time":174399,"minecraft:interact_with_furnace":18,"enigmaticlegacy:play_time_without_seven_curses":174330,"minecraft:sleep_in_bed":19,"minecraft:time_since_rest":3172,"minecraft:damage_taken":1607,"minecraft:trigger_trapped_chest":1,"minecraft:damage_dealt":2184,"minecraft:swim_one_cm":6510,"minecraft:fly_one_cm":197627,"minecraft:open_chest":37,"minecraft:crouch_one_cm":1991,"minecraft:fall_one_cm":24448},"minecraft:mined":{"create:zinc_ore":17,"minecraft:brewing_stand":1,"minecraft:granite":43,"iter_rpg:ametrine_ore":2,"minecraft:jungle_log":1,"environmental:giant_tall_grass":1,"farmersdelight:wild_onions":5,"minecraft:iron_ore":17,"minecraft:andesite":14,"treechop:chopped_log":3,"minecraft:vine":2,"bakery:strawberry_jungle":2,"quark:permafrost":6,"minecraft:stone":201,"create:limestone":19,"supplementaries:book_pile_horizontal":1,"minecraft:crafting_table":3,"minecraft:torch":7,"environmental:bird_of_paradise":1,"minecraft:calcite":3,"galosphere:silver_ore":10,"minecraft:copper_ore":1,"minecraft:cobblestone":2,"autumnity:yellow_maple_leaves":1,"minecraft:lapis_ore":6,"minecraft:oak_planks":1,"minecraft:diorite":25,"minecraft:wall_torch":12,"supplementaries:urn":1,"create:mechanical_saw":1,"minecraft:oak_log":16,"minecraft:coal_ore":16,"minecraft:cocoa":3,"minecraft:gravel":2,"minecraft:dirt":10,"minecraft:oak_leaves":19,"epicsamurai:ruby_ore":8},"minecraft:picked_up":{"minecraft:cocoa_beans":5,"minecraft:crafting_table":3,"minecraft:allium":7,"minecraft:wooden_pickaxe":1,"bakery:strawberry_seeds":1,"minecraft:brewing_stand":1,"minecraft:raw_copper":5,"create:limestone":19,"artifacts:power_glove":1,"minecraft:item_frame":1,"iter_rpg:ametrine_shard":4,"delightful:acorn":4,"quark:permafrost":6,"minecraft:calcite":3,"minecraft:stick":11,"minecraft:raw_iron":17,"minecraft:torch":18,"create:hand_crank":1,"minecraft:diorite":25,"environmental:bird_of_paradise":1,"born_in_chaos_v1:fried_maggot":2,"minecraft:stone_sword":1,"minecraft:arrow":1,"minecraft:rotten_flesh":7,"farmersdelight:onion":5,"minecraft:mutton":6,"minecraft:white_wool":3,"minecraft:cobblestone":201,"born_in_chaos_v1:corpse_maggot":2,"born_in_chaos_v1:monster_flesh":2,"minecraft:jungle_log":11,"minecraft:andesite":14,"minecraft:potato":1,"create:raw_zinc":17,"minecraft:oak_log":26,"minecraft:yellow_bed":1,"minecraft:lapis_lazuli":48,"minecraft:dirt":10,"born_in_chaos_v1:monster_skin":2,"minecraft:bone":4,"minecraft:apple":2,"minecraft:wheat_seeds":1,"galosphere:raw_silver":10,"minecraft:oak_planks":1,"create:mechanical_saw":1,"minecraft:book":3,"bakery:strawberry":1,"minecraft:gravel":13,"minecraft:spider_eye":1,"minecraft:slime_ball":1,"minecraft:writable_book":3,"minecraft:granite":48,"minecraft:gray_wool":1,"alexsmobs:maggot":2,"minecraft:oak_sapling":10,"epicsamurai:ruby":8,"minecraft:coal":16}},"DataVersion":3120}