{"stats":{"minecraft:mined":{"create:mechanical_saw":1,"environmental:giant_tall_grass":1,"treechop:chopped_log":3,"minecraft:crafting_table":2,"environmental:bird_of_paradise":1,"minecraft:oak_log":16,"minecraft:vine":2,"minecraft:cocoa":3,"minecraft:jungle_log":1,"autumnity:yellow_maple_leaves":1,"minecraft:oak_planks":1,"minecraft:oak_leaves":19},"minecraft:custom":{"minecraft:time_since_rest":27169,"enigmaticlegacy:play_time_with_seven_curses":0,"minecraft:sprint_one_cm":72782,"lootr:looted_stat":3,"minecraft:damage_taken":315,"minecraft:walk_one_cm":104063,"minecraft:mob_kills":5,"minecraft:drop":1,"minecraft:damage_dealt":540,"enigmaticlegacy:play_time_without_seven_curses":27169,"minecraft:interact_with_crafting_table":2,"minecraft:swim_one_cm":2917,"minecraft:fly_one_cm":34327,"minecraft:open_chest":7,"minecraft:crouch_one_cm":293,"minecraft:play_time":27169,"minecraft:interact_with_campfire":2,"minecraft:sneak_time":201,"minecraft:jump":264,"minecraft:time_since_death":27169,"minecraft:walk_on_water_one_cm":666,"minecraft:climb_one_cm":432,"minecraft:total_world_time":27169,"minecraft:fall_one_cm":3686},"minecraft:crafted":{"minecraft:oak_planks":104,"minecraft:crafting_table":1,"minecraft:wooden_pickaxe":1,"minecraft:wooden_axe":1},"minecraft:used":{"minecraft:wooden_axe":44,"minecraft:apple":2,"minecraft:oak_planks":10,"minecraft:wooden_pickaxe":1,"born_in_chaos_v1:fried_maggot":2,"minecraft:golden_apple":1,"minecraft:crafting_table":2,"delightful:acorn":4},"minecraft:killed":{"minecraft:zombie":2,"born_in_chaos_v1:corpse_fly":1,"born_in_chaos_v1:maggot":2},"minecraft:dropped":{"artifacts:power_glove":1},"minecraft:picked_up":{"minecraft:cocoa_beans":5,"born_in_chaos_v1:corpse_maggot":2,"minecraft:stick":11,"minecraft:crafting_table":2,"minecraft:jungle_log":11,"minecraft:oak_log":26,"create:hand_crank":1,"minecraft:yellow_bed":1,"environmental:bird_of_paradise":1,"artifacts:power_glove":1,"minecraft:item_frame":1,"born_in_chaos_v1:fried_maggot":2,"minecraft:rotten_flesh":3,"minecraft:apple":2,"delightful:acorn":4,"minecraft:oak_sapling":10,"minecraft:oak_planks":1,"create:mechanical_saw":1}},"DataVersion":3120}