{"stats":{"minecraft:killed":{"born_in_chaos_v1:restless_spirit":3,"born_in_chaos_v1:door_knight_not_despawn":1,"minecraft:spider":3,"minecraft:slime":1,"minecraft:zombie_horse":2,"born_in_chaos_v1:maggot":2,"minecraft:skeleton":5,"born_in_chaos_v1:dread_hound_not_despawn":2,"minecraft:sheep":4,"minecraft:zombie":12,"born_in_chaos_v1:corpse_fly":1,"dungeons_mobs:necromancer":1,"alexsmobs:fly":1,"minecraft:cow":1},"minecraft:killed_by":{"minecraft:skeleton":2},"minecraft:dropped":{"minecraft:wheat_seeds":1,"minecraft:golden_apple":1,"minecraft:axolotl_bucket":2,"minecraft:pumpkin_pie":3,"minecraft:writable_book":3,"minecraft:gravel":11,"farmersdelight:melon_juice":4,"artifacts:power_glove":1,"minecraft:stone_sword":1,"farmersdelight:fruit_salad":6,"supplementaries:jar":1,"minecraft:oak_sapling":3,"create:mechanical_harvester":1,"minecraft:wooden_pickaxe":1,"minecraft:written_book":1,"minecraft:iron_ingot":5},"minecraft:used":{"minecraft:oak_fence":1,"minecraft:stone_sword":119,"minecraft:oak_sign":3,"woodworks:oak_chest":6,"minecraft:iron_sword":49,"born_in_chaos_v1:fried_maggot":2,"farmersdelight:melon_juice":1,"minecraft:torch":36,"minecraft:anvil":1,"farmersdelight:sweet_berry_cookie":5,"minecraft:wooden_axe":44,"born_in_chaos_v1:smoked_flesh":3,"minecraft:iron_axe":16,"minecraft:golden_carrot":2,"minecraft:bow":3,"minecraft:furnace":1,"minecraft:egg":1,"create:white_toolbox":6,"minecraft:cooked_mutton":3,"minecraft:water_bucket":13,"minecraft:diorite":1,"table_top_craft:chess_piece_figure":1,"minecraft:lead":2,"minecraft:stone_pickaxe":239,"minecraft:oak_planks":10,"minecraft:wooden_pickaxe":59,"minecraft:cookie":35,"minecraft:golden_apple":1,"minecraft:crafting_table":4,"minecraft:white_bed":1,"minecraft:apple":36,"minecraft:bread":16,"minecraft:melon_slice":28,"minecraft:string":1,"minecraft:iron_pickaxe":135,"minecraft:potion":1,"minecraft:cobblestone":34,"quark:slime_in_a_bucket":1,"create:pink_toolbox":11,"minecraft:andesite":4,"minecraft:bucket":14,"minecraft:yellow_bed":3,"supplementaries:soap":1,"delightful:acorn":4,"minecraft:experience_bottle":1},"minecraft:broken":{"minecraft:stone_sword":1,"minecraft:wooden_pickaxe":1,"minecraft:stone_pickaxe":1},"minecraft:crafted":{"minecraft:black_dye":4,"minecraft:oak_planks":104,"minecraft:oak_sign":3,"minecraft:furnace":1,"minecraft:cooked_mutton":6,"minecraft:bow":1,"minecraft:stone_pickaxe":3,"minecraft:wheat":216,"minecraft:crafting_table":2,"minecraft:wooden_pickaxe":1,"minecraft:iron_sword":1,"minecraft:copper_ingot":5,"ftbquests:book":1,"minecraft:bread":72,"minecraft:air":0,"woodworks:oak_chest":4,"minecraft:iron_chestplate":1,"minecraft:stick":28,"minecraft:iron_pickaxe":1,"minecraft:iron_ingot":17,"minecraft:wooden_axe":1,"minecraft:torch":48},"minecraft:custom":{"enigmaticlegacy:play_time_with_seven_curses":0,"lootr:looted_stat":46,"minecraft:interact_with_anvil":1,"minecraft:mob_kills":46,"minecraft:interact_with_crafting_table":16,"minecraft:open_barrel":35,"minecraft:interact_with_campfire":2,"minecraft:damage_dealt_resisted":1050,"minecraft:leave_game":3,"minecraft:time_since_death":34250,"minecraft:climb_one_cm":11952,"minecraft:sprint_one_cm":595620,"minecraft:walk_one_cm":659024,"minecraft:drop":28,"minecraft:talked_to_villager":5,"minecraft:play_time":272048,"minecraft:deaths":3,"minecraft:sneak_time":1453,"minecraft:walk_under_water_one_cm":12623,"minecraft:jump":2546,"minecraft:walk_on_water_one_cm":9890,"minecraft:total_world_time":272048,"minecraft:interact_with_furnace":20,"enigmaticlegacy:play_time_without_seven_curses":289368,"minecraft:sleep_in_bed":31,"minecraft:time_since_rest":8341,"minecraft:damage_taken":3359,"minecraft:trigger_trapped_chest":1,"minecraft:damage_dealt":8521,"minecraft:swim_one_cm":14131,"minecraft:fly_one_cm":412295,"minecraft:player_kills":4,"minecraft:open_chest":61,"minecraft:crouch_one_cm":2396,"minecraft:fall_one_cm":54445,"minecraft:horse_one_cm":6543},"minecraft:mined":{"create:zinc_ore":17,"minecraft:white_bed":1,"supplementaries:flower_box":2,"farmersdelight:wild_carrots":6,"minecraft:brewing_stand":1,"minecraft:granite":43,"minecraft:spruce_fence":1,"supplementaries:ash_bricks":2,"iter_rpg:ametrine_ore":2,"minecraft:jungle_log":1,"minecraft:moss_block":2,"graveyard:lower_bone_staff":1,"minecraft:spawner":3,"environmental:giant_tall_grass":1,"minecraft:hay_block":24,"farmersdelight:wild_onions":5,"minecraft:carrots":4,"graveyard:tg_moss_block":1,"minecraft:iron_ore":17,"minecraft:andesite":14,"treechop:chopped_log":4,"minecraft:anvil":1,"bakery:strawberry_taiga":2,"minecraft:shroomlight":14,"minecraft:potatoes":1,"minecraft:oak_sign":2,"minecraft:vine":2,"bakery:strawberry_jungle":2,"supplementaries:jar":1,"minecraft:azalea_leaves":1,"quark:permafrost":6,"minecraft:stone":201,"create:limestone":19,"supplementaries:book_pile_horizontal":1,"minecraft:stripped_dark_oak_log":1,"minecraft:oak_fence":1,"supplementaries:blackstone_tile_slab":1,"minecraft:crafting_table":3,"minecraft:torch":9,"environmental:bird_of_paradise":1,"minecraft:calcite":3,"galosphere:silver_ore":10,"woodworks:oak_chest":2,"minecraft:copper_ore":1,"minecraft:cobblestone":19,"autumnity:yellow_maple_leaves":1,"minecraft:lapis_ore":6,"minecraft:oak_planks":1,"minecraft:diorite":25,"minecraft:wall_torch":19,"supplementaries:urn":3,"create:mechanical_saw":1,"create:mechanical_harvester":1,"minecraft:grass":5,"minecraft:dead_brain_coral_block":1,"minecraft:oak_log":16,"minecraft:coal_ore":16,"minecraft:cocoa":3,"minecraft:gravel":2,"minecraft:dirt":10,"supplementaries:blackstone_lamp":1,"minecraft:oak_leaves":21,"epicsamurai:ruby_ore":8,"table_top_craft:chess_piece_figure":1},"minecraft:picked_up":{"iter_rpg:spawner_fragment":3,"minecraft:iron_chestplate":1,"minecraft:cocoa_beans":5,"minecraft:crafting_table":3,"minecraft:allium":7,"minecraft:anvil":1,"minecraft:lead":3,"minecraft:wooden_pickaxe":1,"minecraft:potion":1,"minecraft:enchanted_book":1,"bakery:strawberry_seeds":2,"minecraft:brewing_stand":1,"create:mechanical_harvester":1,"supplementaries:jar":1,"minecraft:string":2,"create:limestone":19,"minecraft:raw_copper":5,"artifacts:power_glove":1,"minecraft:item_frame":1,"woodworks:oak_chest":2,"minecraft:shroomlight":14,"iter_rpg:ametrine_shard":4,"delightful:acorn":5,"minecraft:beef":3,"quark:permafrost":6,"minecraft:calcite":3,"minecraft:egg":1,"minecraft:stick":13,"minecraft:raw_iron":17,"minecraft:oak_fence":1,"minecraft:torch":27,"minecraft:music_disc_11":1,"create:hand_crank":1,"minecraft:diorite":25,"minecraft:carrot":10,"environmental:bird_of_paradise":1,"minecraft:rotten_flesh":22,"born_in_chaos_v1:fried_maggot":2,"minecraft:stone_sword":2,"minecraft:arrow":5,"farmersdelight:onion":5,"minecraft:hay_block":24,"farmersdelight:melon_juice":2,"minecraft:mutton":6,"minecraft:cobblestone":218,"minecraft:white_wool":3,"born_in_chaos_v1:corpse_maggot":2,"minecraft:mud_bricks":1,"supplementaries:blackstone_lamp":1,"born_in_chaos_v1:monster_flesh":2,"table_top_craft:chess_piece_figure":1,"minecraft:andesite":14,"minecraft:jungle_log":11,"minecraft:leather":1,"minecraft:potato":6,"create:raw_zinc":17,"minecraft:oak_log":31,"minecraft:yellow_bed":3,"minecraft:lapis_lazuli":48,"minecraft:dirt":10,"born_in_chaos_v1:monster_skin":2,"minecraft:bone":6,"minecraft:apple":3,"minecraft:wheat_seeds":2,"supplementaries:blackstone_tile_slab":1,"farmersdelight:fruit_salad":2,"minecraft:iron_ingot":2,"galosphere:raw_silver":10,"minecraft:oak_planks":1,"create:mechanical_saw":1,"minecraft:book":3,"bakery:strawberry":3,"born_in_chaos_v1:ethereal_spirit":5,"minecraft:axolotl_bucket":3,"minecraft:gravel":13,"minecraft:white_bed":1,"minecraft:spider_eye":2,"minecraft:mossy_cobblestone":1,"minecraft:slime_ball":1,"minecraft:writable_book":3,"graveyard:lower_bone_staff":1,"minecraft:granite":48,"minecraft:golden_apple":2,"minecraft:gray_wool":1,"alexsmobs:maggot":2,"minecraft:oak_sapling":15,"epicsamurai:ruby":8,"minecraft:coal":16}},"DataVersion":3120}