{"stats":{"minecraft:killed_by":{"minecraft:player":4},"minecraft:dropped":{"minecraft:bread":29,"delightful:acorn":1,"minecraft:stone_pickaxe":1,"patchouli:guide_book":2},"minecraft:used":{"minecraft:wooden_axe":1,"minecraft:stone_sword":20,"minecraft:bread":10,"minecraft:stone_shovel":1,"minecraft:stone_pickaxe":15,"minecraft:wooden_pickaxe":23,"minecraft:wooden_shovel":1,"minecraft:stone_axe":4,"minecraft:oak_door":1,"minecraft:cobblestone":6,"minecraft:crafting_table":2,"minecraft:carrot":10,"farmersdelight:fruit_salad":1},"minecraft:crafted":{"minecraft:wooden_sword":1,"minecraft:oak_planks":56,"minecraft:wooden_shovel":1,"minecraft:stone_shovel":1,"minecraft:crafting_table":1,"minecraft:stick":16,"minecraft:wooden_pickaxe":1,"minecraft:stone_pickaxe":1,"minecraft:wooden_axe":1,"minecraft:stone_sword":1,"minecraft:stone_axe":1,"minecraft:bread":57,"minecraft:wheat":171},"minecraft:mined":{"minecraft:hay_block":19,"minecraft:carrots":3,"minecraft:mossy_cobblestone":1,"minecraft:oak_door":1,"minecraft:birch_leaves":1,"treechop:chopped_log":2,"minecraft:yellow_bed":1,"minecraft:crafting_table":2,"minecraft:grass":4,"minecraft:grass_block":1,"minecraft:oak_log":12,"minecraft:cobblestone":12,"minecraft:stone":23,"minecraft:oak_leaves":14},"minecraft:custom":{"minecraft:interact_with_furnace":2,"minecraft:time_since_rest":8215,"enigmaticlegacy:play_time_with_seven_curses":0,"minecraft:sprint_one_cm":73263,"minecraft:damage_taken":1670,"minecraft:walk_one_cm":140776,"minecraft:drop":6,"minecraft:damage_dealt":916,"enigmaticlegacy:play_time_without_seven_curses":44066,"minecraft:player_kills":2,"minecraft:interact_with_crafting_table":3,"minecraft:fly_one_cm":64271,"minecraft:open_chest":2,"minecraft:play_time":44177,"minecraft:deaths":4,"minecraft:walk_under_water_one_cm":172,"minecraft:jump":513,"minecraft:time_since_death":8184,"minecraft:walk_on_water_one_cm":1842,"minecraft:sleep_in_bed":6,"minecraft:total_world_time":44177,"minecraft:fall_one_cm":19994},"minecraft:picked_up":{"minecraft:stick":4,"minecraft:crafting_table":2,"minecraft:oak_door":1,"patchouli:guide_book":2,"minecraft:oak_log":23,"minecraft:white_bed":1,"minecraft:carrot":18,"minecraft:string":3,"minecraft:dirt":1,"minecraft:oak_sign":2,"minecraft:wheat_seeds":1,"minecraft:stone_pickaxe":1,"delightful:acorn":1,"minecraft:hay_block":19,"farmersdelight:fruit_salad":2,"minecraft:red_dye":1,"minecraft:oak_sapling":7,"farmersdelight:melon_juice":2,"minecraft:cobblestone":30}},"DataVersion":3120}