{"stats":{"minecraft:killed_by":{"minecraft:player":3},"minecraft:dropped":{"minecraft:bread":29,"delightful:acorn":1,"patchouli:guide_book":2},"minecraft:used":{"minecraft:wooden_axe":1,"minecraft:stone_sword":11,"minecraft:bread":1,"minecraft:stone_shovel":1,"minecraft:stone_pickaxe":8,"minecraft:wooden_pickaxe":23,"minecraft:wooden_shovel":1,"minecraft:stone_axe":4,"minecraft:oak_door":1,"minecraft:cobblestone":4,"minecraft:crafting_table":2,"minecraft:carrot":6,"farmersdelight:fruit_salad":1},"minecraft:crafted":{"minecraft:wooden_sword":1,"minecraft:oak_planks":56,"minecraft:wooden_shovel":1,"minecraft:stone_shovel":1,"minecraft:crafting_table":1,"minecraft:stick":16,"minecraft:wooden_pickaxe":1,"minecraft:stone_pickaxe":1,"minecraft:wooden_axe":1,"minecraft:stone_sword":1,"minecraft:stone_axe":1,"minecraft:bread":57,"minecraft:wheat":171},"minecraft:mined":{"minecraft:hay_block":19,"minecraft:carrots":1,"minecraft:mossy_cobblestone":1,"minecraft:oak_door":1,"minecraft:birch_leaves":1,"treechop:chopped_log":2,"minecraft:crafting_table":2,"minecraft:grass":3,"minecraft:grass_block":1,"minecraft:oak_log":12,"minecraft:cobblestone":5,"minecraft:stone":23,"minecraft:oak_leaves":14},"minecraft:custom":{"minecraft:time_since_rest":893,"enigmaticlegacy:play_time_with_seven_curses":0,"minecraft:sprint_one_cm":42751,"minecraft:damage_taken":975,"minecraft:walk_one_cm":87396,"minecraft:drop":5,"minecraft:damage_dealt":527,"enigmaticlegacy:play_time_without_seven_curses":32097,"minecraft:player_kills":1,"minecraft:interact_with_crafting_table":3,"minecraft:fly_one_cm":37900,"minecraft:open_chest":2,"minecraft:play_time":32177,"minecraft:deaths":3,"minecraft:walk_under_water_one_cm":172,"minecraft:jump":295,"minecraft:time_since_death":865,"minecraft:walk_on_water_one_cm":1812,"minecraft:sleep_in_bed":3,"minecraft:total_world_time":32177,"minecraft:fall_one_cm":7879},"minecraft:picked_up":{"minecraft:stick":4,"minecraft:crafting_table":2,"minecraft:oak_door":1,"patchouli:guide_book":2,"minecraft:oak_log":23,"minecraft:white_bed":1,"minecraft:carrot":12,"minecraft:dirt":1,"minecraft:wheat_seeds":1,"delightful:acorn":1,"minecraft:hay_block":19,"farmersdelight:fruit_salad":2,"minecraft:red_dye":1,"minecraft:oak_sapling":7,"farmersdelight:melon_juice":2,"minecraft:cobblestone":28}},"DataVersion":3120}