{"stats":{"minecraft:killed":{"iter_rpg:spiderling":2,"majruszsdifficulty:cursed_armor":1,"minecraft:zombie":3,"iter_rpg:giant_spider":1},"minecraft:killed_by":{"minecraft:player":4},"minecraft:dropped":{"minecraft:bread":29,"minecraft:golden_chestplate":1,"minecraft:stone_sword":1,"minecraft:golden_horse_armor":1,"minecraft:rotten_flesh":2,"patchouli:guide_book":2,"minecraft:oak_sapling":7,"minecraft:fire_charge":2,"delightful:acorn":1,"minecraft:red_dye":1,"minecraft:stone_pickaxe":1,"artifacts:fire_gauntlet":1},"minecraft:used":{"minecraft:stone_sword":63,"minecraft:stone_shovel":1,"minecraft:stone_pickaxe":20,"woodworks:oak_chest":1,"minecraft:wooden_pickaxe":23,"minecraft:wooden_shovel":1,"minecraft:oak_door":1,"minecraft:crafting_table":3,"minecraft:carrot":10,"minecraft:white_bed":1,"supplementaries:trapped_present":1,"minecraft:wooden_axe":1,"minecraft:bread":24,"minecraft:stone_axe":10,"minecraft:cobblestone":9,"farmersdelight:fruit_salad":1},"minecraft:broken":{"minecraft:golden_helmet":1},"minecraft:crafted":{"minecraft:wooden_sword":1,"minecraft:oak_planks":56,"minecraft:wooden_shovel":1,"minecraft:stone_shovel":1,"minecraft:crafting_table":1,"minecraft:wooden_pickaxe":1,"minecraft:stone_axe":1,"minecraft:bread":57,"woodworks:oak_chest":1,"minecraft:stick":16,"minecraft:stone_pickaxe":1,"minecraft:wooden_axe":1,"minecraft:stone_sword":1,"minecraft:wheat":171},"minecraft:custom":{"enigmaticlegacy:play_time_with_seven_curses":0,"minecraft:interact_with_furnace":2,"lootr:looted_stat":11,"minecraft:mob_kills":10,"enigmaticlegacy:play_time_without_seven_curses":68066,"minecraft:interact_with_crafting_table":4,"minecraft:open_barrel":4,"minecraft:time_since_death":32184,"minecraft:sleep_in_bed":6,"minecraft:time_since_rest":32215,"minecraft:sprint_one_cm":117119,"minecraft:damage_taken":2260,"minecraft:walk_one_cm":256757,"minecraft:drop":14,"minecraft:damage_dealt":2335,"minecraft:fly_one_cm":94488,"minecraft:player_kills":2,"minecraft:open_chest":3,"minecraft:play_time":68177,"minecraft:deaths":4,"minecraft:walk_under_water_one_cm":172,"minecraft:jump":789,"minecraft:walk_on_water_one_cm":1842,"minecraft:total_world_time":68177,"minecraft:fall_one_cm":28382},"minecraft:mined":{"graveyard:torso_pile":1,"minecraft:mossy_cobblestone":1,"minecraft:oak_door":1,"minecraft:crafting_table":2,"minecraft:grass_block":1,"minecraft:cobblestone":12,"minecraft:deepslate_coal_ore":1,"graveyard:lying_skeleton":1,"supplementaries:trapped_present":1,"minecraft:hay_block":19,"minecraft:carrots":3,"minecraft:birch_leaves":1,"treechop:chopped_log":3,"minecraft:smooth_stone_slab":2,"minecraft:yellow_bed":1,"minecraft:grass":7,"minecraft:oak_log":12,"minecraft:stone":23,"minecraft:oak_leaves":14},"minecraft:picked_up":{"born_in_chaos_v1:corpse_maggot":1,"minecraft:charcoal":2,"minecraft:crafting_table":2,"autumnity:maple_log":4,"minecraft:golden_leggings":1,"minecraft:oak_log":23,"minecraft:golden_sword":1,"minecraft:dirt":1,"minecraft:string":3,"minecraft:bone":8,"artifacts:fire_gauntlet":1,"minecraft:oak_sign":2,"minecraft:apple":1,"minecraft:wheat_seeds":1,"delightful:acorn":1,"minecraft:red_dye":1,"farmersdelight:fruit_salad":2,"minecraft:stone_pickaxe":1,"minecraft:golden_helmet":1,"minecraft:stick":10,"minecraft:oak_door":1,"patchouli:guide_book":2,"iter_rpg:spider_silk":2,"supplementaries:trapped_present":1,"minecraft:white_bed":1,"minecraft:carrot":18,"minecraft:spider_eye":1,"minecraft:stone_sword":1,"autumnity:maple_sapling":6,"minecraft:hay_block":19,"supplementaries:ash":1,"minecraft:oak_sapling":7,"farmersdelight:melon_juice":2,"minecraft:cobblestone":30}},"DataVersion":3120}