{"stats":{"minecraft:killed_by":{"minecraft:player":1},"minecraft:dropped":{"delightful:acorn":1,"patchouli:guide_book":2},"minecraft:used":{"minecraft:wooden_axe":1,"minecraft:crafting_table":1,"minecraft:wooden_pickaxe":12,"farmersdelight:fruit_salad":1},"minecraft:mined":{"minecraft:oak_log":12,"minecraft:stone":12,"minecraft:birch_leaves":1,"treechop:chopped_log":2,"minecraft:oak_leaves":14,"minecraft:crafting_table":1},"minecraft:crafted":{"minecraft:wooden_sword":1,"minecraft:oak_planks":56,"minecraft:wooden_shovel":1,"minecraft:crafting_table":1,"minecraft:stick":16,"minecraft:wooden_pickaxe":1,"minecraft:wooden_axe":1},"minecraft:custom":{"minecraft:open_chest":1,"minecraft:time_since_rest":9085,"enigmaticlegacy:play_time_with_seven_curses":0,"minecraft:walk_one_cm":40766,"minecraft:play_time":20177,"minecraft:sprint_one_cm":15061,"minecraft:damage_taken":280,"minecraft:deaths":1,"minecraft:walk_under_water_one_cm":172,"minecraft:drop":3,"minecraft:jump":157,"minecraft:damage_dealt":69,"minecraft:walk_on_water_one_cm":1812,"minecraft:time_since_death":9058,"enigmaticlegacy:play_time_without_seven_curses":20150,"minecraft:total_world_time":20177,"minecraft:interact_with_crafting_table":1,"minecraft:fall_one_cm":5522,"minecraft:fly_one_cm":16189},"minecraft:picked_up":{"minecraft:crafting_table":1,"minecraft:stick":4,"patchouli:guide_book":2,"delightful:acorn":1,"farmersdelight:fruit_salad":2,"minecraft:oak_log":23,"minecraft:oak_sapling":7,"farmersdelight:melon_juice":2,"minecraft:cobblestone":12}},"DataVersion":3120}