{"stats":{"minecraft:killed":{"iter_rpg:spiderling":2,"majruszsdifficulty:cursed_armor":1,"minecraft:zombie":2,"iter_rpg:giant_spider":1},"minecraft:killed_by":{"minecraft:player":4},"minecraft:dropped":{"minecraft:bread":29,"minecraft:golden_chestplate":1,"minecraft:stone_sword":1,"patchouli:guide_book":2,"delightful:acorn":1,"minecraft:stone_pickaxe":1,"artifacts:fire_gauntlet":1},"minecraft:used":{"minecraft:stone_sword":55,"minecraft:stone_shovel":1,"minecraft:stone_pickaxe":15,"minecraft:wooden_pickaxe":23,"minecraft:wooden_shovel":1,"minecraft:oak_door":1,"minecraft:crafting_table":2,"minecraft:carrot":10,"minecraft:wooden_axe":1,"minecraft:bread":20,"minecraft:stone_axe":4,"minecraft:cobblestone":6,"farmersdelight:fruit_salad":1},"minecraft:broken":{"minecraft:golden_helmet":1},"minecraft:mined":{"minecraft:mossy_cobblestone":1,"minecraft:oak_door":1,"minecraft:crafting_table":2,"minecraft:grass_block":1,"minecraft:cobblestone":12,"minecraft:hay_block":19,"minecraft:carrots":3,"minecraft:birch_leaves":1,"treechop:chopped_log":2,"minecraft:yellow_bed":1,"minecraft:grass":4,"minecraft:oak_log":12,"minecraft:stone":23,"minecraft:oak_leaves":14},"minecraft:crafted":{"minecraft:wooden_sword":1,"minecraft:oak_planks":56,"minecraft:wooden_shovel":1,"minecraft:stone_shovel":1,"minecraft:crafting_table":1,"minecraft:wooden_pickaxe":1,"minecraft:stone_axe":1,"minecraft:bread":57,"minecraft:stick":16,"minecraft:stone_pickaxe":1,"minecraft:wooden_axe":1,"minecraft:stone_sword":1,"minecraft:wheat":171},"minecraft:custom":{"enigmaticlegacy:play_time_with_seven_curses":0,"minecraft:interact_with_furnace":2,"lootr:looted_stat":3,"minecraft:mob_kills":6,"enigmaticlegacy:play_time_without_seven_curses":56066,"minecraft:interact_with_crafting_table":3,"minecraft:time_since_death":20184,"minecraft:sleep_in_bed":6,"minecraft:time_since_rest":20215,"minecraft:sprint_one_cm":101704,"minecraft:damage_taken":2172,"minecraft:walk_one_cm":204127,"minecraft:drop":9,"minecraft:damage_dealt":2124,"minecraft:fly_one_cm":87484,"minecraft:player_kills":2,"minecraft:open_chest":2,"minecraft:play_time":56177,"minecraft:deaths":4,"minecraft:walk_under_water_one_cm":172,"minecraft:jump":680,"minecraft:walk_on_water_one_cm":1842,"minecraft:total_world_time":56177,"minecraft:fall_one_cm":25121},"minecraft:picked_up":{"minecraft:crafting_table":2,"minecraft:golden_leggings":1,"minecraft:oak_log":23,"minecraft:golden_sword":1,"minecraft:dirt":1,"minecraft:string":3,"artifacts:fire_gauntlet":1,"minecraft:oak_sign":2,"minecraft:apple":1,"minecraft:wheat_seeds":1,"delightful:acorn":1,"minecraft:red_dye":1,"farmersdelight:fruit_salad":2,"minecraft:stone_pickaxe":1,"minecraft:golden_helmet":1,"minecraft:stick":6,"minecraft:oak_door":1,"patchouli:guide_book":2,"iter_rpg:spider_silk":2,"minecraft:white_bed":1,"minecraft:carrot":18,"minecraft:spider_eye":1,"minecraft:stone_sword":1,"minecraft:hay_block":19,"minecraft:oak_sapling":7,"farmersdelight:melon_juice":2,"minecraft:cobblestone":30}},"DataVersion":3120}