{"stats":{"minecraft:killed":{"iter_rpg:spiderling":2,"majruszsdifficulty:cursed_armor":1,"minecraft:skeleton":6,"minecraft:zombie":15,"iter_rpg:giant_spider":1},"minecraft:killed_by":{"minecraft:player":4,"minecraft:skeleton":2},"minecraft:dropped":{"minecraft:enchanted_book":1,"minecraft:bread":29,"minecraft:golden_chestplate":1,"minecraft:stone_sword":1,"minecraft:golden_horse_armor":1,"minecraft:rotten_flesh":2,"minecraft:oak_planks":1,"minecraft:golden_apple":1,"patchouli:guide_book":2,"minecraft:music_disc_11":1,"minecraft:iron_chestplate":1,"minecraft:potion":1,"minecraft:oak_sapling":10,"minecraft:fire_charge":2,"delightful:acorn":1,"minecraft:axolotl_bucket":1,"minecraft:red_dye":1,"minecraft:stone_pickaxe":2,"supplementaries:candy":64,"artifacts:fire_gauntlet":1},"minecraft:used":{"minecraft:stone_sword":63,"minecraft:stone_shovel":5,"minecraft:stone_pickaxe":49,"minecraft:oak_planks":133,"woodworks:oak_chest":3,"minecraft:wooden_pickaxe":23,"minecraft:iron_sword":76,"minecraft:wooden_shovel":1,"farmersdelight:melon_juice":2,"supplementaries:slingshot":1,"minecraft:oak_door":3,"minecraft:torch":4,"minecraft:dirt":2,"minecraft:crafting_table":4,"minecraft:carrot":10,"atmospheric:golden_dragon_fruit":1,"minecraft:white_bed":2,"minecraft:oak_log":36,"supplementaries:trapped_present":1,"minecraft:wooden_axe":1,"minecraft:apple":1,"minecraft:bread":33,"supplementaries:candy":22,"minecraft:stone_axe":82,"minecraft:cobblestone":15,"minecraft:written_book":3,"minecraft:furnace":1,"farmersdelight:fruit_salad":1},"minecraft:broken":{"minecraft:golden_helmet":1},"minecraft:crafted":{"minecraft:wooden_sword":1,"minecraft:oak_door":3,"minecraft:oak_planks":56,"minecraft:wooden_shovel":1,"minecraft:stone_shovel":1,"minecraft:crafting_table":2,"minecraft:iron_helmet":1,"minecraft:wooden_pickaxe":1,"minecraft:furnace":1,"supplementaries:slingshot":1,"minecraft:stone_axe":1,"minecraft:bread":87,"woodworks:oak_chest":3,"minecraft:stick":16,"minecraft:stone_pickaxe":1,"minecraft:wooden_axe":1,"minecraft:stone_sword":1,"minecraft:wheat":261},"minecraft:custom":{"enigmaticlegacy:play_time_with_seven_curses":0,"minecraft:interact_with_furnace":2,"lootr:looted_stat":23,"minecraft:mob_kills":39,"enigmaticlegacy:play_time_without_seven_curses":122017,"minecraft:interact_with_crafting_table":9,"minecraft:open_barrel":13,"minecraft:time_since_death":33722,"minecraft:sleep_in_bed":9,"minecraft:climb_one_cm":1628,"minecraft:time_since_rest":8341,"minecraft:sprint_one_cm":212575,"minecraft:damage_taken":3247,"minecraft:walk_one_cm":514845,"minecraft:drop":26,"minecraft:damage_dealt":5199,"minecraft:talked_to_villager":1,"minecraft:fly_one_cm":228431,"minecraft:player_kills":2,"minecraft:open_chest":15,"minecraft:play_time":122177,"minecraft:deaths":6,"minecraft:sneak_time":5,"minecraft:walk_under_water_one_cm":172,"minecraft:jump":1565,"minecraft:walk_on_water_one_cm":1842,"minecraft:total_world_time":122177,"minecraft:fall_one_cm":54963},"minecraft:mined":{"graveyard:torso_pile":1,"minecraft:white_bed":1,"minecraft:mossy_cobblestone":1,"minecraft:oak_door":1,"minecraft:crafting_table":2,"minecraft:grass_block":1,"supplementaries:pedestal":1,"minecraft:cobblestone":18,"minecraft:deepslate_coal_ore":1,"graveyard:lying_skeleton":1,"minecraft:mud_bricks":2,"minecraft:oak_planks":6,"delightful:wild_salmonberries":15,"supplementaries:trapped_present":1,"minecraft:wall_torch":4,"minecraft:spawner":2,"minecraft:hay_block":29,"minecraft:carrots":3,"minecraft:anvil":1,"minecraft:birch_leaves":1,"minecraft:black_concrete":2,"treechop:chopped_log":7,"minecraft:smooth_stone_slab":3,"minecraft:yellow_bed":1,"minecraft:grass":12,"minecraft:oak_log":17,"minecraft:dirt":2,"minecraft:stone":37,"minecraft:oak_leaves":14},"minecraft:picked_up":{"born_in_chaos_v1:corpse_maggot":1,"minecraft:charcoal":2,"minecraft:crafting_table":2,"minecraft:mud_bricks":1,"supplementaries:candy":51,"minecraft:anvil":1,"autumnity:maple_log":4,"minecraft:golden_leggings":1,"supplementaries:ash_bricks":1,"supplementaries:candle_holder_red":1,"minecraft:oak_log":61,"minecraft:golden_sword":1,"create:mechanical_harvester":1,"supplementaries:jar":1,"minecraft:dirt":3,"minecraft:string":3,"minecraft:bone":28,"artifacts:fire_gauntlet":1,"minecraft:oak_sign":2,"minecraft:apple":4,"minecraft:wheat_seeds":1,"minecraft:iron_ingot":5,"delightful:acorn":4,"minecraft:red_dye":1,"farmersdelight:fruit_salad":2,"minecraft:stone_pickaxe":2,"minecraft:written_book":2,"minecraft:birch_sapling":2,"minecraft:oak_planks":119,"minecraft:egg":1,"minecraft:book":6,"minecraft:golden_helmet":1,"minecraft:stick":24,"minecraft:oak_door":1,"patchouli:guide_book":2,"iter_rpg:spider_silk":2,"minecraft:torch":4,"supplementaries:pedestal":1,"supplementaries:trapped_present":1,"delightful:salmonberries":15,"supplementaries:flower_box":2,"minecraft:white_bed":2,"minecraft:carrot":18,"create:display_board":1,"minecraft:spider_eye":1,"minecraft:stone_sword":1,"minecraft:arrow":20,"minecraft:rotten_flesh":19,"minecraft:black_concrete":4,"autumnity:maple_sapling":7,"minecraft:dead_brain_coral_block":1,"minecraft:hay_block":29,"minecraft:golden_apple":1,"supplementaries:ash":3,"minecraft:oak_sapling":25,"farmersdelight:melon_juice":2,"iter_rpg:spawner_fragment":1,"minecraft:cobblestone":50}},"DataVersion":3120}