{"stats":{"minecraft:mined":{"quark:violet_corundum":2,"minecraft:mangrove_roots":1,"minecraft:crafting_table":3,"minecraft:torch":2,"minecraft:mud_brick_stairs":2,"minecraft:mangrove_fence":1,"galosphere:silver_ore":3,"minecraft:mud_bricks":3,"quark:orange_corundum_cluster":1,"minecraft:diorite":1,"minecraft:wall_torch":9,"minecraft:spawner":6,"minecraft:hay_block":17,"minecraft:coarse_dirt":1,"minecraft:furnace":2,"minecraft:iron_ore":19,"minecraft:andesite":4,"minecraft:gold_block":2,"treechop:chopped_log":4,"born_in_chaos_v1:black_argillite_brick":1,"minecraft:peony":1,"quark:dripstone_bricks":2,"minecraft:grass":3,"minecraft:coal_ore":20,"minecraft:cobweb":10,"minecraft:stone":111,"create:crimsite":1,"quark:violet_corundum_cluster":5},"minecraft:custom":{"enigmaticlegacy:play_time_with_seven_curses":0,"minecraft:interact_with_furnace":18,"lootr:looted_stat":21,"minecraft:mob_kills":42,"enigmaticlegacy:play_time_without_seven_curses":68415,"minecraft:interact_with_crafting_table":14,"minecraft:open_barrel":15,"minecraft:damage_dealt_resisted":1074,"minecraft:leave_game":2,"minecraft:time_since_death":29421,"minecraft:sleep_in_bed":2,"minecraft:climb_one_cm":1458,"minecraft:time_since_rest":3067,"minecraft:sprint_one_cm":65216,"minecraft:damage_taken":2223,"minecraft:walk_one_cm":337428,"minecraft:drop":10,"minecraft:damage_dealt":7367,"minecraft:fly_one_cm":96159,"minecraft:talked_to_villager":1,"minecraft:open_chest":14,"minecraft:crouch_one_cm":3605,"minecraft:play_time":68457,"minecraft:deaths":1,"minecraft:sneak_time":1014,"minecraft:walk_under_water_one_cm":2081,"minecraft:jump":698,"minecraft:walk_on_water_one_cm":7535,"minecraft:total_world_time":68457,"minecraft:fall_one_cm":8011},"minecraft:killed_by":{"minecraft:vex":1},"minecraft:used":{"minecraft:stone_sword":25,"minecraft:stone_pickaxe":136,"minecraft:oak_planks":6,"woodworks:oak_chest":2,"minecraft:wooden_pickaxe":31,"minecraft:iron_sword":169,"minecraft:rotten_flesh":1,"minecraft:torch":28,"minecraft:crafting_table":4,"minecraft:mud_brick_stairs":2,"minecraft:wooden_axe":9,"minecraft:apple":3,"minecraft:iron_axe":5,"minecraft:bread":25,"minecraft:iron_pickaxe":26,"minecraft:map":1,"quark:dripstone_bricks":2,"minecraft:mud_bricks":3,"quark:violet_corundum_cluster":1,"minecraft:stone_axe":15,"minecraft:cobblestone":27,"minecraft:mangrove_roots":1,"minecraft:furnace":4,"minecraft:oak_sapling":16,"minecraft:coarse_dirt":1,"minecraft:cooked_beef":5,"delightful:acorn":5},"minecraft:crafted":{"minecraft:cooked_beef":8,"minecraft:wooden_sword":1,"minecraft:oak_planks":104,"minecraft:crafting_table":2,"minecraft:iron_helmet":1,"minecraft:wooden_pickaxe":1,"minecraft:iron_sword":1,"minecraft:furnace":2,"minecraft:stone_axe":1,"minecraft:bread":51,"minecraft:air":0,"woodworks:oak_chest":2,"minecraft:iron_boots":1,"minecraft:iron_chestplate":1,"minecraft:iron_axe":1,"minecraft:stick":8,"minecraft:iron_ingot":19,"minecraft:iron_pickaxe":1,"minecraft:stone_pickaxe":1,"minecraft:wooden_axe":1,"minecraft:stone_sword":1,"minecraft:gold_ingot":18,"minecraft:iron_leggings":1,"minecraft:torch":16,"minecraft:wheat":153},"minecraft:dropped":{"minecraft:crafting_table":1,"minecraft:cobblestone":12,"minecraft:oak_planks":25,"quark:violet_corundum":1,"minecraft:dirt":1,"minecraft:wooden_axe":1,"minecraft:andesite":2,"minecraft:wooden_sword":1,"minecraft:wooden_pickaxe":2},"minecraft:killed":{"minecraft:vex":4,"minecraft:cave_spider":7,"born_in_chaos_v1:restless_spirit":1,"born_in_chaos_v1:zombie_lumberjack":1,"naturalist:snake":1,"born_in_chaos_v1:door_knight_not_despawn":1,"minecraft:spider":4,"majruszsdifficulty:cursed_armor":1,"born_in_chaos_v1:maggot":1,"born_in_chaos_v1:decrepit_skeleton":2,"minecraft:skeleton":2,"born_in_chaos_v1:bloody_gadfly":1,"minecraft:zombie":4,"born_in_chaos_v1:corpse_fly":5,"iter_rpg:giant_spider":1,"quark:wraith":2,"minecraft:cow":4},"minecraft:picked_up":{"minecraft:coarse_dirt":1,"born_in_chaos_v1:corpse_maggot":5,"minecraft:crafting_table":3,"minecraft:mud_bricks":3,"minecraft:andesite":4,"minecraft:leather":6,"minecraft:mud_brick_stairs":2,"minecraft:wooden_pickaxe":1,"minecraft:gold_block":2,"minecraft:oak_log":27,"minecraft:chain":1,"minecraft:dirt":1,"minecraft:string":20,"minecraft:mangrove_fence":1,"minecraft:bone":7,"minecraft:apple":3,"delightful:acorn":5,"minecraft:iron_ingot":3,"minecraft:beef":8,"quark:dripstone_bricks":2,"minecraft:written_book":2,"quark:soul_bead":2,"galosphere:raw_silver":3,"minecraft:mangrove_log":1,"quark:orange_corundum_cluster":2,"minecraft:furnace":2,"minecraft:stick":11,"minecraft:raw_iron":19,"quark:violet_corundum":2,"minecraft:torch":13,"minecraft:spider_eye":4,"create:crimsite":1,"minecraft:rotten_flesh":10,"quark:violet_corundum_cluster":6,"minecraft:hay_block":17,"minecraft:mangrove_roots":1,"minecraft:oak_sapling":16,"minecraft:coal":36,"minecraft:cobblestone":111,"iter_rpg:spawner_fragment":1},"minecraft:broken":{"minecraft:stone_pickaxe":1}},"DataVersion":3120}