{"stats":{"minecraft:mined":{"quark:violet_corundum":2,"minecraft:crafting_table":3,"minecraft:torch":1,"galosphere:silver_ore":3,"quark:orange_corundum_cluster":1,"minecraft:diorite":1,"minecraft:wall_torch":4,"minecraft:furnace":2,"minecraft:iron_ore":19,"minecraft:andesite":4,"treechop:chopped_log":4,"minecraft:peony":1,"minecraft:coal_ore":20,"minecraft:stone":111,"quark:violet_corundum_cluster":4,"create:crimsite":1},"minecraft:custom":{"enigmaticlegacy:play_time_with_seven_curses":0,"minecraft:interact_with_furnace":9,"minecraft:mob_kills":10,"enigmaticlegacy:play_time_without_seven_curses":22773,"minecraft:interact_with_crafting_table":7,"minecraft:damage_dealt_resisted":53,"minecraft:time_since_death":22773,"minecraft:time_since_rest":22773,"minecraft:sprint_one_cm":5108,"minecraft:damage_taken":365,"minecraft:walk_one_cm":92049,"minecraft:drop":10,"minecraft:damage_dealt":1474,"minecraft:fly_one_cm":5425,"minecraft:crouch_one_cm":1747,"minecraft:play_time":22773,"minecraft:sneak_time":670,"minecraft:jump":150,"minecraft:walk_on_water_one_cm":96,"minecraft:total_world_time":22773,"minecraft:fall_one_cm":1434},"minecraft:used":{"minecraft:stone_sword":25,"minecraft:stone_pickaxe":136,"minecraft:wooden_pickaxe":31,"minecraft:iron_sword":9,"minecraft:rotten_flesh":1,"minecraft:torch":6,"minecraft:crafting_table":3,"minecraft:wooden_axe":9,"minecraft:apple":3,"minecraft:iron_axe":1,"minecraft:iron_pickaxe":6,"quark:violet_corundum_cluster":1,"minecraft:stone_axe":15,"minecraft:cobblestone":21,"minecraft:oak_sapling":16,"minecraft:furnace":2,"delightful:acorn":5},"minecraft:crafted":{"minecraft:wooden_sword":1,"minecraft:oak_planks":104,"minecraft:crafting_table":2,"minecraft:wooden_pickaxe":1,"minecraft:iron_sword":1,"minecraft:furnace":2,"minecraft:stone_axe":1,"minecraft:air":0,"minecraft:iron_axe":1,"minecraft:stick":8,"minecraft:iron_ingot":17,"minecraft:iron_pickaxe":1,"minecraft:stone_pickaxe":1,"minecraft:wooden_axe":1,"minecraft:stone_sword":1,"minecraft:torch":4},"minecraft:killed":{"minecraft:spider":1,"minecraft:skeleton":1,"minecraft:zombie":3,"born_in_chaos_v1:corpse_fly":5},"minecraft:dropped":{"minecraft:crafting_table":1,"minecraft:cobblestone":12,"minecraft:oak_planks":25,"quark:violet_corundum":1,"minecraft:dirt":1,"minecraft:wooden_axe":1,"minecraft:andesite":2,"minecraft:wooden_sword":1,"minecraft:wooden_pickaxe":2},"minecraft:picked_up":{"born_in_chaos_v1:corpse_maggot":4,"minecraft:crafting_table":3,"minecraft:andesite":4,"minecraft:wooden_pickaxe":1,"minecraft:oak_log":26,"minecraft:dirt":1,"minecraft:string":1,"minecraft:bone":2,"minecraft:apple":3,"delightful:acorn":5,"galosphere:raw_silver":3,"minecraft:furnace":2,"quark:orange_corundum_cluster":2,"minecraft:stick":11,"minecraft:raw_iron":19,"quark:violet_corundum":2,"minecraft:torch":6,"minecraft:spider_eye":1,"create:crimsite":1,"minecraft:rotten_flesh":1,"quark:violet_corundum_cluster":5,"minecraft:oak_sapling":16,"minecraft:coal":36,"minecraft:cobblestone":111},"minecraft:broken":{"minecraft:stone_pickaxe":1}},"DataVersion":3120}