{"stats":{"minecraft:mined":{"treechop:chopped_log":4,"minecraft:peony":1,"minecraft:crafting_table":2,"minecraft:stone":58},"minecraft:custom":{"minecraft:time_since_rest":10773,"enigmaticlegacy:play_time_with_seven_curses":0,"minecraft:sprint_one_cm":4968,"minecraft:damage_taken":10,"minecraft:walk_one_cm":44820,"minecraft:drop":8,"minecraft:damage_dealt":10,"enigmaticlegacy:play_time_without_seven_curses":10773,"minecraft:interact_with_crafting_table":2,"minecraft:fly_one_cm":4688,"minecraft:crouch_one_cm":677,"minecraft:play_time":10773,"minecraft:sneak_time":220,"minecraft:jump":83,"minecraft:walk_on_water_one_cm":96,"minecraft:time_since_death":10773,"minecraft:total_world_time":10773,"minecraft:fall_one_cm":1434},"minecraft:crafted":{"minecraft:wooden_sword":1,"minecraft:oak_planks":104,"minecraft:crafting_table":2,"minecraft:stick":4,"minecraft:wooden_pickaxe":1,"minecraft:stone_pickaxe":1,"minecraft:wooden_axe":1,"minecraft:stone_sword":1,"minecraft:stone_axe":1},"minecraft:used":{"minecraft:wooden_axe":9,"minecraft:stone_pickaxe":27,"minecraft:wooden_pickaxe":31,"minecraft:stone_axe":15,"minecraft:crafting_table":2,"minecraft:oak_sapling":16},"minecraft:dropped":{"minecraft:dirt":1,"minecraft:wooden_axe":1,"minecraft:crafting_table":1,"minecraft:cobblestone":12,"minecraft:wooden_sword":1,"minecraft:oak_planks":25,"minecraft:wooden_pickaxe":2},"minecraft:picked_up":{"minecraft:stick":11,"minecraft:crafting_table":2,"minecraft:wooden_pickaxe":1,"minecraft:oak_log":26,"minecraft:dirt":1,"minecraft:apple":3,"delightful:acorn":5,"minecraft:oak_sapling":16,"minecraft:cobblestone":58}},"DataVersion":3120}