{"stats":{"minecraft:mined":{"quark:violet_corundum":2,"minecraft:crafting_table":3,"minecraft:torch":2,"galosphere:silver_ore":3,"quark:orange_corundum_cluster":1,"minecraft:diorite":1,"minecraft:wall_torch":4,"minecraft:spawner":3,"minecraft:hay_block":17,"minecraft:furnace":2,"minecraft:iron_ore":19,"minecraft:andesite":4,"treechop:chopped_log":4,"born_in_chaos_v1:black_argillite_brick":1,"minecraft:peony":1,"minecraft:grass":3,"minecraft:coal_ore":20,"minecraft:stone":111,"quark:violet_corundum_cluster":5,"create:crimsite":1},"minecraft:custom":{"enigmaticlegacy:play_time_with_seven_curses":0,"lootr:looted_stat":9,"minecraft:interact_with_furnace":15,"minecraft:mob_kills":29,"enigmaticlegacy:play_time_without_seven_curses":48441,"minecraft:interact_with_crafting_table":13,"minecraft:open_barrel":5,"minecraft:damage_dealt_resisted":1074,"minecraft:leave_game":1,"minecraft:time_since_death":9447,"minecraft:climb_one_cm":1458,"minecraft:time_since_rest":9489,"minecraft:sprint_one_cm":30910,"minecraft:damage_taken":1458,"minecraft:walk_one_cm":246084,"minecraft:drop":10,"minecraft:damage_dealt":5441,"minecraft:talked_to_villager":1,"minecraft:fly_one_cm":51402,"minecraft:open_chest":9,"minecraft:crouch_one_cm":2239,"minecraft:play_time":48483,"minecraft:deaths":1,"minecraft:sneak_time":815,"minecraft:walk_under_water_one_cm":2081,"minecraft:jump":494,"minecraft:walk_on_water_one_cm":7535,"minecraft:total_world_time":48483,"minecraft:fall_one_cm":4932},"minecraft:killed_by":{"minecraft:vex":1},"minecraft:used":{"minecraft:stone_sword":25,"minecraft:stone_pickaxe":136,"woodworks:oak_chest":2,"minecraft:wooden_pickaxe":31,"minecraft:iron_sword":111,"minecraft:rotten_flesh":1,"minecraft:torch":11,"minecraft:crafting_table":4,"minecraft:wooden_axe":9,"minecraft:apple":3,"minecraft:iron_axe":4,"minecraft:bread":14,"minecraft:map":1,"minecraft:iron_pickaxe":11,"quark:violet_corundum_cluster":1,"minecraft:stone_axe":15,"minecraft:cobblestone":27,"minecraft:oak_sapling":16,"minecraft:furnace":4,"minecraft:cooked_beef":2,"delightful:acorn":5},"minecraft:crafted":{"minecraft:cooked_beef":3,"minecraft:wooden_sword":1,"minecraft:oak_planks":104,"minecraft:crafting_table":2,"minecraft:iron_helmet":1,"minecraft:wooden_pickaxe":1,"minecraft:iron_sword":1,"minecraft:furnace":2,"minecraft:stone_axe":1,"minecraft:bread":51,"minecraft:air":0,"woodworks:oak_chest":2,"minecraft:iron_chestplate":1,"minecraft:iron_axe":1,"minecraft:stick":8,"minecraft:iron_ingot":19,"minecraft:iron_pickaxe":1,"minecraft:stone_pickaxe":1,"minecraft:wooden_axe":1,"minecraft:stone_sword":1,"minecraft:iron_leggings":1,"minecraft:torch":16,"minecraft:wheat":153},"minecraft:dropped":{"minecraft:crafting_table":1,"minecraft:cobblestone":12,"minecraft:oak_planks":25,"quark:violet_corundum":1,"minecraft:dirt":1,"minecraft:wooden_axe":1,"minecraft:andesite":2,"minecraft:wooden_sword":1,"minecraft:wooden_pickaxe":2},"minecraft:killed":{"minecraft:vex":3,"born_in_chaos_v1:restless_spirit":1,"born_in_chaos_v1:zombie_lumberjack":1,"naturalist:snake":1,"born_in_chaos_v1:door_knight_not_despawn":1,"minecraft:spider":4,"born_in_chaos_v1:decrepit_skeleton":2,"minecraft:skeleton":1,"born_in_chaos_v1:bloody_gadfly":1,"minecraft:zombie":4,"born_in_chaos_v1:corpse_fly":5,"iter_rpg:giant_spider":1,"minecraft:cow":4},"minecraft:picked_up":{"born_in_chaos_v1:corpse_maggot":5,"minecraft:crafting_table":3,"minecraft:andesite":4,"minecraft:leather":6,"minecraft:wooden_pickaxe":1,"minecraft:oak_log":27,"minecraft:dirt":1,"minecraft:string":6,"minecraft:bone":4,"minecraft:apple":3,"delightful:acorn":5,"minecraft:iron_ingot":3,"minecraft:beef":8,"galosphere:raw_silver":3,"minecraft:mangrove_log":1,"minecraft:furnace":2,"quark:orange_corundum_cluster":2,"minecraft:stick":11,"minecraft:raw_iron":19,"quark:violet_corundum":2,"minecraft:torch":7,"minecraft:spider_eye":1,"create:crimsite":1,"minecraft:rotten_flesh":10,"quark:violet_corundum_cluster":6,"minecraft:hay_block":17,"minecraft:oak_sapling":16,"minecraft:coal":36,"minecraft:cobblestone":111},"minecraft:broken":{"minecraft:stone_pickaxe":1}},"DataVersion":3120}