{"stats":{"minecraft:mined":{"minecraft:white_bed":2,"minecraft:mangrove_roots":1,"minecraft:dark_oak_fence":8,"minecraft:grass_block":1,"minecraft:mangrove_fence":1,"minecraft:mud_bricks":3,"quark:orange_corundum_cluster":1,"graveyard:lower_bone_staff":1,"minecraft:spawner":6,"environmental:giant_tall_grass":1,"minecraft:hay_block":17,"minecraft:furnace":2,"minecraft:iron_ore":19,"minecraft:andesite":4,"treechop:chopped_log":4,"minecraft:peony":1,"minecraft:gold_block":2,"quark:dripstone_bricks":2,"minecraft:stone":111,"quark:violet_corundum":2,"minecraft:crafting_table":3,"minecraft:torch":2,"quark:cobblestone_bricks":1,"minecraft:mud_brick_stairs":2,"minecraft:melon":14,"galosphere:silver_ore":3,"minecraft:oak_planks":2,"minecraft:diorite":1,"minecraft:wall_torch":9,"minecraft:coarse_dirt":1,"born_in_chaos_v1:black_argillite_brick":1,"minecraft:grass":12,"minecraft:coal_ore":20,"minecraft:dirt":2,"minecraft:cobweb":10,"create:crimsite":1,"quark:violet_corundum_cluster":5,"minecraft:fern":2},"minecraft:custom":{"enigmaticlegacy:play_time_with_seven_curses":0,"lootr:looted_stat":24,"minecraft:mob_kills":87,"minecraft:interact_with_crafting_table":16,"minecraft:open_barrel":15,"minecraft:damage_dealt_resisted":1074,"minecraft:leave_game":3,"minecraft:time_since_death":80119,"minecraft:climb_one_cm":1534,"minecraft:sprint_one_cm":173670,"minecraft:walk_one_cm":489330,"minecraft:drop":17,"minecraft:talked_to_villager":1,"minecraft:play_time":119155,"minecraft:deaths":1,"minecraft:sneak_time":1262,"minecraft:walk_under_water_one_cm":2240,"minecraft:jump":1574,"minecraft:walk_on_water_one_cm":7717,"minecraft:total_world_time":119155,"minecraft:interact_with_furnace":22,"enigmaticlegacy:play_time_without_seven_curses":119113,"minecraft:raid_trigger":1,"minecraft:sleep_in_bed":5,"minecraft:time_since_rest":6005,"minecraft:damage_taken":3817,"minecraft:damage_absorbed":80,"minecraft:damage_dealt":17807,"minecraft:fly_one_cm":240733,"minecraft:open_chest":25,"minecraft:crouch_one_cm":5146,"minecraft:fall_one_cm":22060,"minecraft:horse_one_cm":6975},"minecraft:killed_by":{"minecraft:vex":1},"minecraft:used":{"minecraft:stone_sword":25,"woodworks:oak_chest":2,"minecraft:iron_sword":392,"minecraft:rotten_flesh":1,"minecraft:torch":29,"minecraft:mud_brick_stairs":2,"minecraft:wooden_axe":9,"minecraft:iron_axe":39,"quark:violet_corundum_cluster":1,"minecraft:mud_bricks":3,"minecraft:mangrove_roots":1,"minecraft:oak_sapling":16,"minecraft:furnace":4,"minecraft:cooked_beef":5,"minecraft:stone_pickaxe":136,"minecraft:oak_planks":6,"minecraft:wooden_pickaxe":31,"minecraft:golden_apple":2,"farmersdelight:onion":17,"minecraft:crafting_table":5,"minecraft:crossbow":23,"minecraft:white_bed":2,"minecraft:apple":3,"minecraft:melon_slice":8,"minecraft:bread":50,"minecraft:iron_pickaxe":28,"minecraft:map":1,"quark:dripstone_bricks":2,"minecraft:stone_axe":15,"minecraft:cobblestone":27,"minecraft:coarse_dirt":1,"delightful:acorn":5,"minecraft:splash_potion":1,"minecraft:experience_bottle":2},"minecraft:crafted":{"minecraft:wooden_sword":1,"minecraft:oak_planks":104,"minecraft:furnace":2,"minecraft:iron_boots":1,"minecraft:iron_axe":1,"minecraft:stone_pickaxe":1,"minecraft:wheat":153,"minecraft:cooked_beef":8,"minecraft:crafting_table":3,"minecraft:wooden_pickaxe":1,"minecraft:iron_helmet":1,"minecraft:iron_sword":2,"minecraft:stone_axe":1,"minecraft:bread":51,"minecraft:air":0,"woodworks:oak_chest":2,"minecraft:iron_chestplate":1,"minecraft:stick":12,"minecraft:iron_ingot":19,"minecraft:iron_pickaxe":1,"minecraft:wooden_axe":1,"minecraft:stone_sword":1,"minecraft:iron_leggings":1,"minecraft:gold_ingot":18,"minecraft:torch":16},"minecraft:dropped":{"minecraft:crafting_table":1,"minecraft:cobblestone":12,"quark:violet_corundum":1,"minecraft:golden_apple":1,"minecraft:dirt":1,"minecraft:dark_oak_fence":4,"minecraft:wooden_axe":1,"graveyard:lower_bone_staff":1,"farmersdelight:onion":1,"minecraft:wooden_sword":1,"minecraft:goat_horn":1,"minecraft:oak_planks":25,"quark:redstone_randomizer":1,"minecraft:iron_chestplate":1,"minecraft:andesite":2,"minecraft:wooden_pickaxe":2},"minecraft:killed":{"minecraft:vex":4,"minecraft:cave_spider":7,"born_in_chaos_v1:zombie_lumberjack":1,"born_in_chaos_v1:restless_spirit":1,"dungeons_mobs:royal_guard":1,"born_in_chaos_v1:door_knight_not_despawn":1,"minecraft:vindicator":2,"minecraft:spider":4,"born_in_chaos_v1:maggot":1,"minecraft:skeleton":3,"dungeons_mobs:mage":1,"naturalist:snake":1,"majruszsdifficulty:cursed_armor":1,"minecraft:creeper":1,"born_in_chaos_v1:decrepit_skeleton":2,"born_in_chaos_v1:bloody_gadfly":1,"minecraft:pillager":19,"minecraft:zombie":7,"born_in_chaos_v1:corpse_fly":5,"unusualprehistory:sludge":1,"iter_rpg:giant_spider":1,"dungeons_mobs:necromancer":1,"minecraft:villager":1,"quark:wraith":5,"minecraft:cow":14},"minecraft:broken":{"minecraft:stone_pickaxe":1,"minecraft:iron_sword":1},"minecraft:picked_up":{"iter_rpg:spawner_fragment":1,"minecraft:crafting_table":3,"minecraft:coarse_dirt":1,"minecraft:lead":1,"minecraft:wooden_pickaxe":1,"minecraft:gold_block":2,"minecraft:chain":1,"minecraft:string":20,"delightful:acorn":5,"minecraft:beef":27,"minecraft:written_book":2,"quark:dripstone_bricks":2,"minecraft:melon_slice":67,"minecraft:furnace":2,"minecraft:mangrove_log":1,"quark:orange_corundum_cluster":2,"minecraft:stick":11,"minecraft:raw_iron":19,"quark:violet_corundum":2,"minecraft:torch":13,"minecraft:rotten_flesh":11,"quark:violet_corundum_cluster":6,"minecraft:hay_block":17,"minecraft:saddle":1,"minecraft:mangrove_roots":1,"minecraft:cobblestone":111,"born_in_chaos_v1:corpse_maggot":5,"minecraft:mud_bricks":3,"minecraft:andesite":4,"minecraft:leather":19,"minecraft:mud_brick_stairs":2,"minecraft:oak_log":27,"minecraft:gunpowder":1,"minecraft:dirt":2,"minecraft:white_banner":1,"quark:ravager_hide":1,"minecraft:mangrove_fence":1,"minecraft:bone":8,"minecraft:apple":3,"minecraft:wheat_seeds":1,"minecraft:iron_ingot":3,"quark:soul_bead":5,"galosphere:raw_silver":3,"minecraft:white_bed":2,"minecraft:spider_eye":4,"quark:cobblestone_bricks":1,"create:crimsite":1,"graveyard:lower_bone_staff":1,"minecraft:crossbow":3,"minecraft:oak_sapling":16,"minecraft:coal":36,"minecraft:dark_oak_fence":4}},"DataVersion":3120}